BEGIN TRANSACTION;
CREATE TABLE IF NOT EXISTS "django_migrations" ("id" integer NOT NULL PRIMARY KEY AUTOINCREMENT, "app" varchar(255) NOT NULL, "name" varchar(255) NOT NULL, "applied" datetime NOT NULL);
INSERT INTO django_migrations VALUES(1,'contenttypes','0001_initial','2025-07-25 11:01:38.733248');
INSERT INTO django_migrations VALUES(2,'auth','0001_initial','2025-07-25 11:01:38.989702');
INSERT INTO django_migrations VALUES(3,'account','0001_initial','2025-07-25 11:01:39.190200');
INSERT INTO django_migrations VALUES(4,'account','0002_email_max_length','2025-07-25 11:01:39.271689');
INSERT INTO django_migrations VALUES(5,'account','0003_alter_emailaddress_create_unique_verified_email','2025-07-25 11:01:39.402380');
INSERT INTO django_migrations VALUES(6,'account','0004_alter_emailaddress_drop_unique_email','2025-07-25 11:01:39.506767');
INSERT INTO django_migrations VALUES(7,'account','0005_emailaddress_idx_upper_email','2025-07-25 11:01:39.662305');
INSERT INTO django_migrations VALUES(8,'account','0006_emailaddress_lower','2025-07-25 11:01:39.778575');
INSERT INTO django_migrations VALUES(9,'account','0007_emailaddress_idx_email','2025-07-25 11:01:39.887119');
INSERT INTO django_migrations VALUES(10,'account','0008_emailaddress_unique_primary_email_fixup','2025-07-25 11:01:39.992181');
INSERT INTO django_migrations VALUES(11,'account','0009_emailaddress_unique_primary_email','2025-07-25 11:01:40.078165');
INSERT INTO django_migrations VALUES(12,'accounts','0001_initial','2025-07-25 11:01:40.484973');
INSERT INTO django_migrations VALUES(13,'admin','0001_initial','2025-07-25 11:01:40.675559');
INSERT INTO django_migrations VALUES(14,'admin','0002_logentry_remove_auto_add','2025-07-25 11:01:40.770599');
INSERT INTO django_migrations VALUES(15,'admin','0003_logentry_add_action_flag_choices','2025-07-25 11:01:41.029901');
INSERT INTO django_migrations VALUES(16,'contenttypes','0002_remove_content_type_name','2025-07-25 11:01:41.132095');
INSERT INTO django_migrations VALUES(17,'auth','0002_alter_permission_name_max_length','2025-07-25 11:01:41.238524');
INSERT INTO django_migrations VALUES(18,'auth','0003_alter_user_email_max_length','2025-07-25 11:01:41.353198');
INSERT INTO django_migrations VALUES(19,'auth','0004_alter_user_username_opts','2025-07-25 11:01:41.501901');
INSERT INTO django_migrations VALUES(20,'auth','0005_alter_user_last_login_null','2025-07-25 11:01:41.590097');
INSERT INTO django_migrations VALUES(21,'auth','0006_require_contenttypes_0002','2025-07-25 11:01:41.691928');
INSERT INTO django_migrations VALUES(22,'auth','0007_alter_validators_add_error_messages','2025-07-25 11:01:41.794130');
INSERT INTO django_migrations VALUES(23,'auth','0008_alter_user_username_max_length','2025-07-25 11:01:41.941659');
INSERT INTO django_migrations VALUES(24,'auth','0009_alter_user_last_name_max_length','2025-07-25 11:01:42.047045');
INSERT INTO django_migrations VALUES(25,'auth','0010_alter_group_name_max_length','2025-07-25 11:01:42.156988');
INSERT INTO django_migrations VALUES(26,'auth','0011_update_proxy_permissions','2025-07-25 11:01:42.365150');
INSERT INTO django_migrations VALUES(27,'auth','0012_alter_user_first_name_max_length','2025-07-25 11:01:42.463522');
INSERT INTO django_migrations VALUES(28,'sessions','0001_initial','2025-07-25 11:01:42.667167');
INSERT INTO django_migrations VALUES(29,'socialaccount','0001_initial','2025-07-25 11:01:42.900998');
INSERT INTO django_migrations VALUES(30,'socialaccount','0002_token_max_lengths','2025-07-25 11:01:43.007345');
INSERT INTO django_migrations VALUES(31,'socialaccount','0003_extra_data_default_dict','2025-07-25 11:01:43.154093');
INSERT INTO django_migrations VALUES(32,'socialaccount','0004_app_provider_id_settings','2025-07-25 11:01:43.309344');
INSERT INTO django_migrations VALUES(33,'socialaccount','0005_socialtoken_nullable_app','2025-07-25 11:01:43.420317');
INSERT INTO django_migrations VALUES(34,'socialaccount','0006_alter_socialaccount_extra_data','2025-07-25 11:01:43.556102');
INSERT INTO django_migrations VALUES(35,'trajects','0001_initial','2025-07-25 11:01:44.007792');
INSERT INTO django_migrations VALUES(36,'trajects','0002_alter_proposedtraject_transport_modes_and_more','2025-07-25 13:37:38.267838');
INSERT INTO django_migrations VALUES(37,'strip','0001_initial','2025-07-25 18:47:35.025885');
INSERT INTO django_migrations VALUES(38,'trajects','0003_alter_proposedtraject_number_of_places','2025-07-27 16:14:23.740056');
INSERT INTO django_migrations VALUES(39,'trajects','0004_alter_proposedtraject_number_of_places','2025-07-27 16:16:12.982225');
INSERT INTO django_migrations VALUES(40,'trajects','0005_alter_proposedtraject_number_of_places','2025-07-27 20:22:22.160638');
INSERT INTO django_migrations VALUES(41,'strip','0002_subscription_delete_userpayement','2025-07-28 10:36:42.016515');
INSERT INTO django_migrations VALUES(42,'stripe','0001_initial','2025-07-28 12:47:49.205897');
INSERT INTO django_migrations VALUES(43,'stripe_sub','0001_initial','2025-07-28 13:11:17.370393');
INSERT INTO django_migrations VALUES(44,'stripe_sub','0002_subscription_price_subscription_product_name','2025-07-28 19:22:14.633153');
INSERT INTO django_migrations VALUES(45,'stripe_sub','0003_remove_subscription_product_name_and_more','2025-07-28 19:30:06.989649');
INSERT INTO django_migrations VALUES(46,'stripe_sub','0004_remove_subscription_service_type_and_more','2025-07-28 20:00:33.450487');
INSERT INTO django_migrations VALUES(47,'accounts','0002_profile_is_verified','2025-07-30 10:49:13.257489');
INSERT INTO django_migrations VALUES(48,'accounts','0003_profile_document_image_url_profile_verified_address_and_more','2025-07-30 14:18:31.921725');
INSERT INTO django_migrations VALUES(49,'accounts','0004_profile_verified_dob','2025-07-30 15:05:53.442757');
INSERT INTO django_migrations VALUES(50,'accounts','0005_rename_is_verified_profile_ci_is_verified','2025-07-30 15:21:30.967373');
INSERT INTO django_migrations VALUES(51,'accounts','0006_profile_bvm_is_verified','2025-07-30 15:22:00.971349');
INSERT INTO django_migrations VALUES(52,'accounts','0007_profile_prfl_is_verified','2025-07-30 15:23:23.508159');
INSERT INTO django_migrations VALUES(53,'accounts','0008_profile_document_bvm','2025-07-30 15:37:29.852253');
INSERT INTO django_migrations VALUES(54,'bug_tracker','0001_initial','2025-07-31 17:43:15.496324');
INSERT INTO django_migrations VALUES(55,'bug_tracker','0002_alter_bug_reproduction_steps','2025-07-31 17:43:15.590837');
INSERT INTO django_migrations VALUES(56,'bana_admin','0001_initial','2025-07-31 17:52:39.829012');
INSERT INTO django_migrations VALUES(57,'trajects','0006_proposedtraject_is_active_and_more','2025-08-03 19:41:33.808361');
CREATE TABLE IF NOT EXISTS "auth_group_permissions" ("id" integer NOT NULL PRIMARY KEY AUTOINCREMENT, "group_id" integer NOT NULL REFERENCES "auth_group" ("id") DEFERRABLE INITIALLY DEFERRED, "permission_id" integer NOT NULL REFERENCES "auth_permission" ("id") DEFERRABLE INITIALLY DEFERRED);
CREATE TABLE IF NOT EXISTS "auth_user_groups" ("id" integer NOT NULL PRIMARY KEY AUTOINCREMENT, "user_id" integer NOT NULL REFERENCES "auth_user" ("id") DEFERRABLE INITIALLY DEFERRED, "group_id" integer NOT NULL REFERENCES "auth_group" ("id") DEFERRABLE INITIALLY DEFERRED);
CREATE TABLE IF NOT EXISTS "auth_user_user_permissions" ("id" integer NOT NULL PRIMARY KEY AUTOINCREMENT, "user_id" integer NOT NULL REFERENCES "auth_user" ("id") DEFERRABLE INITIALLY DEFERRED, "permission_id" integer NOT NULL REFERENCES "auth_permission" ("id") DEFERRABLE INITIALLY DEFERRED);
INSERT INTO auth_user_user_permissions VALUES(1,1,1);
INSERT INTO auth_user_user_permissions VALUES(2,1,2);
INSERT INTO auth_user_user_permissions VALUES(3,1,3);
INSERT INTO auth_user_user_permissions VALUES(4,1,4);
INSERT INTO auth_user_user_permissions VALUES(5,1,5);
INSERT INTO auth_user_user_permissions VALUES(6,1,6);
INSERT INTO auth_user_user_permissions VALUES(7,1,7);
INSERT INTO auth_user_user_permissions VALUES(8,1,8);
INSERT INTO auth_user_user_permissions VALUES(9,1,9);
INSERT INTO auth_user_user_permissions VALUES(10,1,10);
INSERT INTO auth_user_user_permissions VALUES(11,1,11);
INSERT INTO auth_user_user_permissions VALUES(12,1,12);
INSERT INTO auth_user_user_permissions VALUES(13,1,13);
INSERT INTO auth_user_user_permissions VALUES(14,1,14);
INSERT INTO auth_user_user_permissions VALUES(15,1,15);
INSERT INTO auth_user_user_permissions VALUES(16,1,16);
INSERT INTO auth_user_user_permissions VALUES(17,1,17);
INSERT INTO auth_user_user_permissions VALUES(18,1,18);
INSERT INTO auth_user_user_permissions VALUES(19,1,19);
INSERT INTO auth_user_user_permissions VALUES(20,1,20);
INSERT INTO auth_user_user_permissions VALUES(21,1,21);
INSERT INTO auth_user_user_permissions VALUES(22,1,22);
INSERT INTO auth_user_user_permissions VALUES(23,1,23);
INSERT INTO auth_user_user_permissions VALUES(24,1,24);
INSERT INTO auth_user_user_permissions VALUES(25,1,25);
INSERT INTO auth_user_user_permissions VALUES(26,1,26);
INSERT INTO auth_user_user_permissions VALUES(27,1,27);
INSERT INTO auth_user_user_permissions VALUES(28,1,28);
INSERT INTO auth_user_user_permissions VALUES(29,1,29);
INSERT INTO auth_user_user_permissions VALUES(30,1,30);
INSERT INTO auth_user_user_permissions VALUES(31,1,31);
INSERT INTO auth_user_user_permissions VALUES(32,1,32);
INSERT INTO auth_user_user_permissions VALUES(33,1,33);
INSERT INTO auth_user_user_permissions VALUES(34,1,34);
INSERT INTO auth_user_user_permissions VALUES(35,1,35);
INSERT INTO auth_user_user_permissions VALUES(36,1,36);
INSERT INTO auth_user_user_permissions VALUES(37,1,37);
INSERT INTO auth_user_user_permissions VALUES(38,1,38);
INSERT INTO auth_user_user_permissions VALUES(39,1,39);
INSERT INTO auth_user_user_permissions VALUES(40,1,40);
INSERT INTO auth_user_user_permissions VALUES(41,1,41);
INSERT INTO auth_user_user_permissions VALUES(42,1,42);
INSERT INTO auth_user_user_permissions VALUES(43,1,43);
INSERT INTO auth_user_user_permissions VALUES(44,1,44);
INSERT INTO auth_user_user_permissions VALUES(45,1,45);
INSERT INTO auth_user_user_permissions VALUES(46,1,46);
INSERT INTO auth_user_user_permissions VALUES(47,1,47);
INSERT INTO auth_user_user_permissions VALUES(48,1,48);
INSERT INTO auth_user_user_permissions VALUES(49,1,49);
INSERT INTO auth_user_user_permissions VALUES(50,1,50);
INSERT INTO auth_user_user_permissions VALUES(51,1,51);
INSERT INTO auth_user_user_permissions VALUES(52,1,52);
INSERT INTO auth_user_user_permissions VALUES(53,1,53);
INSERT INTO auth_user_user_permissions VALUES(54,1,54);
INSERT INTO auth_user_user_permissions VALUES(55,1,55);
INSERT INTO auth_user_user_permissions VALUES(56,1,56);
INSERT INTO auth_user_user_permissions VALUES(57,1,57);
INSERT INTO auth_user_user_permissions VALUES(58,1,58);
INSERT INTO auth_user_user_permissions VALUES(59,1,59);
INSERT INTO auth_user_user_permissions VALUES(60,1,60);
INSERT INTO auth_user_user_permissions VALUES(61,1,61);
INSERT INTO auth_user_user_permissions VALUES(62,1,62);
INSERT INTO auth_user_user_permissions VALUES(63,1,63);
INSERT INTO auth_user_user_permissions VALUES(64,1,64);
INSERT INTO auth_user_user_permissions VALUES(65,1,65);
INSERT INTO auth_user_user_permissions VALUES(66,1,66);
INSERT INTO auth_user_user_permissions VALUES(67,1,67);
INSERT INTO auth_user_user_permissions VALUES(68,1,68);
INSERT INTO auth_user_user_permissions VALUES(69,1,69);
INSERT INTO auth_user_user_permissions VALUES(70,1,70);
INSERT INTO auth_user_user_permissions VALUES(71,1,71);
INSERT INTO auth_user_user_permissions VALUES(72,1,72);
INSERT INTO auth_user_user_permissions VALUES(73,1,73);
INSERT INTO auth_user_user_permissions VALUES(74,1,74);
INSERT INTO auth_user_user_permissions VALUES(75,1,75);
INSERT INTO auth_user_user_permissions VALUES(76,1,76);
INSERT INTO auth_user_user_permissions VALUES(77,1,77);
INSERT INTO auth_user_user_permissions VALUES(78,1,78);
INSERT INTO auth_user_user_permissions VALUES(79,1,79);
INSERT INTO auth_user_user_permissions VALUES(80,1,80);
INSERT INTO auth_user_user_permissions VALUES(81,2,1);
INSERT INTO auth_user_user_permissions VALUES(82,2,2);
INSERT INTO auth_user_user_permissions VALUES(83,2,3);
INSERT INTO auth_user_user_permissions VALUES(84,2,4);
INSERT INTO auth_user_user_permissions VALUES(85,2,5);
INSERT INTO auth_user_user_permissions VALUES(86,2,6);
INSERT INTO auth_user_user_permissions VALUES(87,2,7);
INSERT INTO auth_user_user_permissions VALUES(88,2,8);
INSERT INTO auth_user_user_permissions VALUES(89,2,9);
INSERT INTO auth_user_user_permissions VALUES(90,2,10);
INSERT INTO auth_user_user_permissions VALUES(91,2,11);
INSERT INTO auth_user_user_permissions VALUES(92,2,12);
INSERT INTO auth_user_user_permissions VALUES(93,2,13);
INSERT INTO auth_user_user_permissions VALUES(94,2,14);
INSERT INTO auth_user_user_permissions VALUES(95,2,15);
INSERT INTO auth_user_user_permissions VALUES(96,2,16);
INSERT INTO auth_user_user_permissions VALUES(97,2,17);
INSERT INTO auth_user_user_permissions VALUES(98,2,18);
INSERT INTO auth_user_user_permissions VALUES(99,2,19);
INSERT INTO auth_user_user_permissions VALUES(100,2,20);
INSERT INTO auth_user_user_permissions VALUES(101,2,21);
INSERT INTO auth_user_user_permissions VALUES(102,2,22);
INSERT INTO auth_user_user_permissions VALUES(103,2,23);
INSERT INTO auth_user_user_permissions VALUES(104,2,24);
INSERT INTO auth_user_user_permissions VALUES(105,2,25);
INSERT INTO auth_user_user_permissions VALUES(106,2,26);
INSERT INTO auth_user_user_permissions VALUES(107,2,27);
INSERT INTO auth_user_user_permissions VALUES(108,2,28);
INSERT INTO auth_user_user_permissions VALUES(109,2,29);
INSERT INTO auth_user_user_permissions VALUES(110,2,30);
INSERT INTO auth_user_user_permissions VALUES(111,2,31);
INSERT INTO auth_user_user_permissions VALUES(112,2,32);
INSERT INTO auth_user_user_permissions VALUES(113,2,33);
INSERT INTO auth_user_user_permissions VALUES(114,2,34);
INSERT INTO auth_user_user_permissions VALUES(115,2,35);
INSERT INTO auth_user_user_permissions VALUES(116,2,36);
INSERT INTO auth_user_user_permissions VALUES(117,2,37);
INSERT INTO auth_user_user_permissions VALUES(118,2,38);
INSERT INTO auth_user_user_permissions VALUES(119,2,39);
INSERT INTO auth_user_user_permissions VALUES(120,2,40);
INSERT INTO auth_user_user_permissions VALUES(121,2,41);
INSERT INTO auth_user_user_permissions VALUES(122,2,42);
INSERT INTO auth_user_user_permissions VALUES(123,2,43);
INSERT INTO auth_user_user_permissions VALUES(124,2,44);
INSERT INTO auth_user_user_permissions VALUES(125,2,45);
INSERT INTO auth_user_user_permissions VALUES(126,2,46);
INSERT INTO auth_user_user_permissions VALUES(127,2,47);
INSERT INTO auth_user_user_permissions VALUES(128,2,48);
INSERT INTO auth_user_user_permissions VALUES(129,2,49);
INSERT INTO auth_user_user_permissions VALUES(130,2,50);
INSERT INTO auth_user_user_permissions VALUES(131,2,51);
INSERT INTO auth_user_user_permissions VALUES(132,2,52);
INSERT INTO auth_user_user_permissions VALUES(133,2,53);
INSERT INTO auth_user_user_permissions VALUES(134,2,54);
INSERT INTO auth_user_user_permissions VALUES(135,2,55);
INSERT INTO auth_user_user_permissions VALUES(136,2,56);
INSERT INTO auth_user_user_permissions VALUES(137,2,57);
INSERT INTO auth_user_user_permissions VALUES(138,2,58);
INSERT INTO auth_user_user_permissions VALUES(139,2,59);
INSERT INTO auth_user_user_permissions VALUES(140,2,60);
INSERT INTO auth_user_user_permissions VALUES(141,2,61);
INSERT INTO auth_user_user_permissions VALUES(142,2,62);
INSERT INTO auth_user_user_permissions VALUES(143,2,63);
INSERT INTO auth_user_user_permissions VALUES(144,2,64);
INSERT INTO auth_user_user_permissions VALUES(145,2,65);
INSERT INTO auth_user_user_permissions VALUES(146,2,66);
INSERT INTO auth_user_user_permissions VALUES(147,2,67);
INSERT INTO auth_user_user_permissions VALUES(148,2,68);
INSERT INTO auth_user_user_permissions VALUES(149,2,69);
INSERT INTO auth_user_user_permissions VALUES(150,2,70);
INSERT INTO auth_user_user_permissions VALUES(151,2,71);
INSERT INTO auth_user_user_permissions VALUES(152,2,72);
INSERT INTO auth_user_user_permissions VALUES(153,2,73);
INSERT INTO auth_user_user_permissions VALUES(154,2,74);
INSERT INTO auth_user_user_permissions VALUES(155,2,75);
INSERT INTO auth_user_user_permissions VALUES(156,2,76);
INSERT INTO auth_user_user_permissions VALUES(157,2,77);
INSERT INTO auth_user_user_permissions VALUES(158,2,78);
INSERT INTO auth_user_user_permissions VALUES(159,2,79);
INSERT INTO auth_user_user_permissions VALUES(160,2,80);
INSERT INTO auth_user_user_permissions VALUES(161,5,1);
INSERT INTO auth_user_user_permissions VALUES(162,5,2);
INSERT INTO auth_user_user_permissions VALUES(163,5,3);
INSERT INTO auth_user_user_permissions VALUES(164,5,4);
INSERT INTO auth_user_user_permissions VALUES(165,5,5);
INSERT INTO auth_user_user_permissions VALUES(166,5,6);
INSERT INTO auth_user_user_permissions VALUES(167,5,7);
INSERT INTO auth_user_user_permissions VALUES(168,5,8);
INSERT INTO auth_user_user_permissions VALUES(169,5,9);
INSERT INTO auth_user_user_permissions VALUES(170,5,10);
INSERT INTO auth_user_user_permissions VALUES(171,5,11);
INSERT INTO auth_user_user_permissions VALUES(172,5,12);
INSERT INTO auth_user_user_permissions VALUES(173,5,13);
INSERT INTO auth_user_user_permissions VALUES(174,5,14);
INSERT INTO auth_user_user_permissions VALUES(175,5,15);
INSERT INTO auth_user_user_permissions VALUES(176,5,16);
INSERT INTO auth_user_user_permissions VALUES(177,5,17);
INSERT INTO auth_user_user_permissions VALUES(178,5,18);
INSERT INTO auth_user_user_permissions VALUES(179,5,19);
INSERT INTO auth_user_user_permissions VALUES(180,5,20);
INSERT INTO auth_user_user_permissions VALUES(181,5,21);
INSERT INTO auth_user_user_permissions VALUES(182,5,22);
INSERT INTO auth_user_user_permissions VALUES(183,5,23);
INSERT INTO auth_user_user_permissions VALUES(184,5,24);
INSERT INTO auth_user_user_permissions VALUES(185,5,25);
INSERT INTO auth_user_user_permissions VALUES(186,5,26);
INSERT INTO auth_user_user_permissions VALUES(187,5,27);
INSERT INTO auth_user_user_permissions VALUES(188,5,28);
INSERT INTO auth_user_user_permissions VALUES(189,5,29);
INSERT INTO auth_user_user_permissions VALUES(190,5,30);
INSERT INTO auth_user_user_permissions VALUES(191,5,31);
INSERT INTO auth_user_user_permissions VALUES(192,5,32);
INSERT INTO auth_user_user_permissions VALUES(193,5,33);
INSERT INTO auth_user_user_permissions VALUES(194,5,34);
INSERT INTO auth_user_user_permissions VALUES(195,5,35);
INSERT INTO auth_user_user_permissions VALUES(196,5,36);
INSERT INTO auth_user_user_permissions VALUES(197,5,37);
INSERT INTO auth_user_user_permissions VALUES(198,5,38);
INSERT INTO auth_user_user_permissions VALUES(199,5,39);
INSERT INTO auth_user_user_permissions VALUES(200,5,40);
INSERT INTO auth_user_user_permissions VALUES(201,5,41);
INSERT INTO auth_user_user_permissions VALUES(202,5,42);
INSERT INTO auth_user_user_permissions VALUES(203,5,43);
INSERT INTO auth_user_user_permissions VALUES(204,5,44);
INSERT INTO auth_user_user_permissions VALUES(205,5,45);
INSERT INTO auth_user_user_permissions VALUES(206,5,46);
INSERT INTO auth_user_user_permissions VALUES(207,5,47);
INSERT INTO auth_user_user_permissions VALUES(208,5,48);
INSERT INTO auth_user_user_permissions VALUES(209,5,49);
INSERT INTO auth_user_user_permissions VALUES(210,5,50);
INSERT INTO auth_user_user_permissions VALUES(211,5,51);
INSERT INTO auth_user_user_permissions VALUES(212,5,52);
INSERT INTO auth_user_user_permissions VALUES(213,5,53);
INSERT INTO auth_user_user_permissions VALUES(214,5,54);
INSERT INTO auth_user_user_permissions VALUES(215,5,55);
INSERT INTO auth_user_user_permissions VALUES(216,5,56);
INSERT INTO auth_user_user_permissions VALUES(217,5,57);
INSERT INTO auth_user_user_permissions VALUES(218,5,58);
INSERT INTO auth_user_user_permissions VALUES(219,5,59);
INSERT INTO auth_user_user_permissions VALUES(220,5,60);
INSERT INTO auth_user_user_permissions VALUES(221,5,61);
INSERT INTO auth_user_user_permissions VALUES(222,5,62);
INSERT INTO auth_user_user_permissions VALUES(223,5,63);
INSERT INTO auth_user_user_permissions VALUES(224,5,64);
INSERT INTO auth_user_user_permissions VALUES(225,5,65);
INSERT INTO auth_user_user_permissions VALUES(226,5,66);
INSERT INTO auth_user_user_permissions VALUES(227,5,67);
INSERT INTO auth_user_user_permissions VALUES(228,5,68);
INSERT INTO auth_user_user_permissions VALUES(229,5,69);
INSERT INTO auth_user_user_permissions VALUES(230,5,70);
INSERT INTO auth_user_user_permissions VALUES(231,5,71);
INSERT INTO auth_user_user_permissions VALUES(232,5,72);
INSERT INTO auth_user_user_permissions VALUES(233,5,73);
INSERT INTO auth_user_user_permissions VALUES(234,5,74);
INSERT INTO auth_user_user_permissions VALUES(235,5,75);
INSERT INTO auth_user_user_permissions VALUES(236,5,76);
INSERT INTO auth_user_user_permissions VALUES(237,5,77);
INSERT INTO auth_user_user_permissions VALUES(238,5,78);
INSERT INTO auth_user_user_permissions VALUES(239,5,79);
INSERT INTO auth_user_user_permissions VALUES(240,5,80);
INSERT INTO auth_user_user_permissions VALUES(241,5,81);
INSERT INTO auth_user_user_permissions VALUES(242,5,82);
INSERT INTO auth_user_user_permissions VALUES(243,5,83);
INSERT INTO auth_user_user_permissions VALUES(244,5,84);
INSERT INTO auth_user_user_permissions VALUES(245,1,128);
INSERT INTO auth_user_user_permissions VALUES(246,1,81);
INSERT INTO auth_user_user_permissions VALUES(247,1,82);
INSERT INTO auth_user_user_permissions VALUES(248,1,83);
INSERT INTO auth_user_user_permissions VALUES(249,1,84);
INSERT INTO auth_user_user_permissions VALUES(250,1,85);
INSERT INTO auth_user_user_permissions VALUES(251,1,86);
INSERT INTO auth_user_user_permissions VALUES(252,1,87);
INSERT INTO auth_user_user_permissions VALUES(253,1,88);
INSERT INTO auth_user_user_permissions VALUES(254,1,89);
INSERT INTO auth_user_user_permissions VALUES(255,1,90);
INSERT INTO auth_user_user_permissions VALUES(256,1,91);
INSERT INTO auth_user_user_permissions VALUES(257,1,92);
INSERT INTO auth_user_user_permissions VALUES(258,1,93);
INSERT INTO auth_user_user_permissions VALUES(259,1,94);
INSERT INTO auth_user_user_permissions VALUES(260,1,95);
INSERT INTO auth_user_user_permissions VALUES(261,1,96);
INSERT INTO auth_user_user_permissions VALUES(262,1,97);
INSERT INTO auth_user_user_permissions VALUES(263,1,98);
INSERT INTO auth_user_user_permissions VALUES(264,1,99);
INSERT INTO auth_user_user_permissions VALUES(265,1,100);
INSERT INTO auth_user_user_permissions VALUES(266,1,101);
INSERT INTO auth_user_user_permissions VALUES(267,1,102);
INSERT INTO auth_user_user_permissions VALUES(268,1,103);
INSERT INTO auth_user_user_permissions VALUES(269,1,104);
INSERT INTO auth_user_user_permissions VALUES(270,1,105);
INSERT INTO auth_user_user_permissions VALUES(271,1,106);
INSERT INTO auth_user_user_permissions VALUES(272,1,107);
INSERT INTO auth_user_user_permissions VALUES(273,1,108);
INSERT INTO auth_user_user_permissions VALUES(274,1,109);
INSERT INTO auth_user_user_permissions VALUES(275,1,110);
INSERT INTO auth_user_user_permissions VALUES(276,1,111);
INSERT INTO auth_user_user_permissions VALUES(277,1,112);
INSERT INTO auth_user_user_permissions VALUES(278,1,113);
INSERT INTO auth_user_user_permissions VALUES(279,1,114);
INSERT INTO auth_user_user_permissions VALUES(280,1,115);
INSERT INTO auth_user_user_permissions VALUES(281,1,116);
INSERT INTO auth_user_user_permissions VALUES(282,1,117);
INSERT INTO auth_user_user_permissions VALUES(283,1,118);
INSERT INTO auth_user_user_permissions VALUES(284,1,119);
INSERT INTO auth_user_user_permissions VALUES(285,1,120);
INSERT INTO auth_user_user_permissions VALUES(286,1,121);
INSERT INTO auth_user_user_permissions VALUES(287,1,122);
INSERT INTO auth_user_user_permissions VALUES(288,1,123);
INSERT INTO auth_user_user_permissions VALUES(289,1,124);
INSERT INTO auth_user_user_permissions VALUES(290,1,125);
INSERT INTO auth_user_user_permissions VALUES(291,1,126);
INSERT INTO auth_user_user_permissions VALUES(292,1,127);
INSERT INTO auth_user_user_permissions VALUES(293,8,1);
INSERT INTO auth_user_user_permissions VALUES(294,8,2);
INSERT INTO auth_user_user_permissions VALUES(295,8,3);
INSERT INTO auth_user_user_permissions VALUES(296,8,4);
INSERT INTO auth_user_user_permissions VALUES(297,8,5);
INSERT INTO auth_user_user_permissions VALUES(298,8,6);
INSERT INTO auth_user_user_permissions VALUES(299,8,7);
INSERT INTO auth_user_user_permissions VALUES(300,8,8);
INSERT INTO auth_user_user_permissions VALUES(301,8,9);
INSERT INTO auth_user_user_permissions VALUES(302,8,10);
INSERT INTO auth_user_user_permissions VALUES(303,8,11);
INSERT INTO auth_user_user_permissions VALUES(304,8,12);
INSERT INTO auth_user_user_permissions VALUES(305,8,13);
INSERT INTO auth_user_user_permissions VALUES(306,8,14);
INSERT INTO auth_user_user_permissions VALUES(307,8,15);
INSERT INTO auth_user_user_permissions VALUES(308,8,16);
INSERT INTO auth_user_user_permissions VALUES(309,8,17);
INSERT INTO auth_user_user_permissions VALUES(310,8,18);
INSERT INTO auth_user_user_permissions VALUES(311,8,19);
INSERT INTO auth_user_user_permissions VALUES(312,8,20);
INSERT INTO auth_user_user_permissions VALUES(313,8,21);
INSERT INTO auth_user_user_permissions VALUES(314,8,22);
INSERT INTO auth_user_user_permissions VALUES(315,8,23);
INSERT INTO auth_user_user_permissions VALUES(316,8,24);
INSERT INTO auth_user_user_permissions VALUES(317,8,25);
INSERT INTO auth_user_user_permissions VALUES(318,8,26);
INSERT INTO auth_user_user_permissions VALUES(319,8,27);
INSERT INTO auth_user_user_permissions VALUES(320,8,28);
INSERT INTO auth_user_user_permissions VALUES(321,8,29);
INSERT INTO auth_user_user_permissions VALUES(322,8,30);
INSERT INTO auth_user_user_permissions VALUES(323,8,31);
INSERT INTO auth_user_user_permissions VALUES(324,8,32);
INSERT INTO auth_user_user_permissions VALUES(325,8,33);
INSERT INTO auth_user_user_permissions VALUES(326,8,34);
INSERT INTO auth_user_user_permissions VALUES(327,8,35);
INSERT INTO auth_user_user_permissions VALUES(328,8,36);
INSERT INTO auth_user_user_permissions VALUES(329,8,37);
INSERT INTO auth_user_user_permissions VALUES(330,8,38);
INSERT INTO auth_user_user_permissions VALUES(331,8,39);
INSERT INTO auth_user_user_permissions VALUES(332,8,40);
INSERT INTO auth_user_user_permissions VALUES(333,8,41);
INSERT INTO auth_user_user_permissions VALUES(334,8,42);
INSERT INTO auth_user_user_permissions VALUES(335,8,43);
INSERT INTO auth_user_user_permissions VALUES(336,8,44);
INSERT INTO auth_user_user_permissions VALUES(337,8,45);
INSERT INTO auth_user_user_permissions VALUES(338,8,46);
INSERT INTO auth_user_user_permissions VALUES(339,8,47);
INSERT INTO auth_user_user_permissions VALUES(340,8,48);
INSERT INTO auth_user_user_permissions VALUES(341,8,49);
INSERT INTO auth_user_user_permissions VALUES(342,8,50);
INSERT INTO auth_user_user_permissions VALUES(343,8,51);
INSERT INTO auth_user_user_permissions VALUES(344,8,52);
INSERT INTO auth_user_user_permissions VALUES(345,8,53);
INSERT INTO auth_user_user_permissions VALUES(346,8,54);
INSERT INTO auth_user_user_permissions VALUES(347,8,55);
INSERT INTO auth_user_user_permissions VALUES(348,8,56);
INSERT INTO auth_user_user_permissions VALUES(349,8,57);
INSERT INTO auth_user_user_permissions VALUES(350,8,58);
INSERT INTO auth_user_user_permissions VALUES(351,8,59);
INSERT INTO auth_user_user_permissions VALUES(352,8,60);
INSERT INTO auth_user_user_permissions VALUES(353,8,61);
INSERT INTO auth_user_user_permissions VALUES(354,8,62);
INSERT INTO auth_user_user_permissions VALUES(355,8,63);
INSERT INTO auth_user_user_permissions VALUES(356,8,64);
INSERT INTO auth_user_user_permissions VALUES(357,8,65);
INSERT INTO auth_user_user_permissions VALUES(358,8,66);
INSERT INTO auth_user_user_permissions VALUES(359,8,67);
INSERT INTO auth_user_user_permissions VALUES(360,8,68);
INSERT INTO auth_user_user_permissions VALUES(361,8,69);
INSERT INTO auth_user_user_permissions VALUES(362,8,70);
INSERT INTO auth_user_user_permissions VALUES(363,8,71);
INSERT INTO auth_user_user_permissions VALUES(364,8,72);
INSERT INTO auth_user_user_permissions VALUES(365,8,73);
INSERT INTO auth_user_user_permissions VALUES(366,8,74);
INSERT INTO auth_user_user_permissions VALUES(367,8,75);
INSERT INTO auth_user_user_permissions VALUES(368,8,76);
INSERT INTO auth_user_user_permissions VALUES(369,8,77);
INSERT INTO auth_user_user_permissions VALUES(370,8,78);
INSERT INTO auth_user_user_permissions VALUES(371,8,79);
INSERT INTO auth_user_user_permissions VALUES(372,8,80);
INSERT INTO auth_user_user_permissions VALUES(373,8,81);
INSERT INTO auth_user_user_permissions VALUES(374,8,82);
INSERT INTO auth_user_user_permissions VALUES(375,8,83);
INSERT INTO auth_user_user_permissions VALUES(376,8,84);
INSERT INTO auth_user_user_permissions VALUES(377,8,85);
INSERT INTO auth_user_user_permissions VALUES(378,8,86);
INSERT INTO auth_user_user_permissions VALUES(379,8,87);
INSERT INTO auth_user_user_permissions VALUES(380,8,88);
INSERT INTO auth_user_user_permissions VALUES(381,8,89);
INSERT INTO auth_user_user_permissions VALUES(382,8,90);
INSERT INTO auth_user_user_permissions VALUES(383,8,91);
INSERT INTO auth_user_user_permissions VALUES(384,8,92);
INSERT INTO auth_user_user_permissions VALUES(385,8,93);
INSERT INTO auth_user_user_permissions VALUES(386,8,94);
INSERT INTO auth_user_user_permissions VALUES(387,8,95);
INSERT INTO auth_user_user_permissions VALUES(388,8,96);
INSERT INTO auth_user_user_permissions VALUES(389,8,97);
INSERT INTO auth_user_user_permissions VALUES(390,8,98);
INSERT INTO auth_user_user_permissions VALUES(391,8,99);
INSERT INTO auth_user_user_permissions VALUES(392,8,100);
INSERT INTO auth_user_user_permissions VALUES(393,8,101);
INSERT INTO auth_user_user_permissions VALUES(394,8,102);
INSERT INTO auth_user_user_permissions VALUES(395,8,103);
INSERT INTO auth_user_user_permissions VALUES(396,8,104);
INSERT INTO auth_user_user_permissions VALUES(397,8,105);
INSERT INTO auth_user_user_permissions VALUES(398,8,106);
INSERT INTO auth_user_user_permissions VALUES(399,8,107);
INSERT INTO auth_user_user_permissions VALUES(400,8,108);
INSERT INTO auth_user_user_permissions VALUES(401,8,109);
INSERT INTO auth_user_user_permissions VALUES(402,8,110);
INSERT INTO auth_user_user_permissions VALUES(403,8,111);
INSERT INTO auth_user_user_permissions VALUES(404,8,112);
INSERT INTO auth_user_user_permissions VALUES(405,8,113);
INSERT INTO auth_user_user_permissions VALUES(406,8,114);
INSERT INTO auth_user_user_permissions VALUES(407,8,115);
INSERT INTO auth_user_user_permissions VALUES(408,8,116);
INSERT INTO auth_user_user_permissions VALUES(409,8,117);
INSERT INTO auth_user_user_permissions VALUES(410,8,118);
INSERT INTO auth_user_user_permissions VALUES(411,8,119);
INSERT INTO auth_user_user_permissions VALUES(412,8,120);
INSERT INTO auth_user_user_permissions VALUES(413,8,121);
INSERT INTO auth_user_user_permissions VALUES(414,8,122);
INSERT INTO auth_user_user_permissions VALUES(415,8,123);
INSERT INTO auth_user_user_permissions VALUES(416,8,124);
INSERT INTO auth_user_user_permissions VALUES(417,8,125);
INSERT INTO auth_user_user_permissions VALUES(418,8,126);
INSERT INTO auth_user_user_permissions VALUES(419,8,127);
INSERT INTO auth_user_user_permissions VALUES(420,8,128);
CREATE TABLE IF NOT EXISTS "account_emailconfirmation" ("id" integer NOT NULL PRIMARY KEY AUTOINCREMENT, "created" datetime NOT NULL, "sent" datetime NULL, "key" varchar(64) NOT NULL UNIQUE, "email_address_id" integer NOT NULL REFERENCES "account_emailaddress" ("id") DEFERRABLE INITIALLY DEFERRED);
CREATE TABLE IF NOT EXISTS "account_emailaddress" ("id" integer NOT NULL PRIMARY KEY AUTOINCREMENT, "verified" bool NOT NULL, "primary" bool NOT NULL, "user_id" integer NOT NULL REFERENCES "auth_user" ("id") DEFERRABLE INITIALLY DEFERRED, "email" varchar(254) NOT NULL);
INSERT INTO account_emailaddress VALUES(1,1,1,2,'lucacamilleri55+1@gmail.com');
INSERT INTO account_emailaddress VALUES(2,1,1,3,'lucacamilleri55+2@gmail.com');
INSERT INTO account_emailaddress VALUES(3,1,1,4,'rj@digit-up.be');
INSERT INTO account_emailaddress VALUES(4,1,1,1,'lucacamilleri55@gmail.com');
INSERT INTO account_emailaddress VALUES(5,1,1,5,'banaadmin@gmail.com');
INSERT INTO account_emailaddress VALUES(6,0,1,7,'lucacamilleri55+3@gmail.com');
INSERT INTO account_emailaddress VALUES(7,1,1,8,'nyota.delecourt@gmail.com');
INSERT INTO account_emailaddress VALUES(8,1,1,19,'lucacamilleri55+4@gmail.com');
CREATE TABLE IF NOT EXISTS "accounts_languages" ("id" integer NOT NULL PRIMARY KEY AUTOINCREMENT, "lang_name" varchar(50) NOT NULL UNIQUE, "lang_abbr" varchar(2) NOT NULL UNIQUE);
INSERT INTO accounts_languages VALUES(1,'Français','Fr');
INSERT INTO accounts_languages VALUES(2,'Anglais','En');
INSERT INTO accounts_languages VALUES(3,'Arabe','Ar');
INSERT INTO accounts_languages VALUES(4,'Italien','It');
INSERT INTO accounts_languages VALUES(5,'Albanais','sq');
INSERT INTO accounts_languages VALUES(6,'Allemand','de');
INSERT INTO accounts_languages VALUES(9,'Basque','eu');
INSERT INTO accounts_languages VALUES(10,'Berbère','ber');
INSERT INTO accounts_languages VALUES(11,'Bosnien','bs');
INSERT INTO accounts_languages VALUES(12,'Cantonais','yue');
INSERT INTO accounts_languages VALUES(13,'Catalan','ca');
INSERT INTO accounts_languages VALUES(14,'Croate','hr');
INSERT INTO accounts_languages VALUES(15,'Danois','da');
INSERT INTO accounts_languages VALUES(16,'Dari','prs');
INSERT INTO accounts_languages VALUES(17,'Espagnol','es');
INSERT INTO accounts_languages VALUES(18,'Estonien','et');
INSERT INTO accounts_languages VALUES(19,'Finnois','fi');
INSERT INTO accounts_languages VALUES(21,'Gaélique','gla');
INSERT INTO accounts_languages VALUES(22,'Grec','el');
INSERT INTO accounts_languages VALUES(23,'Hassanya','mya');
INSERT INTO accounts_languages VALUES(24,'Hébreu','he');
INSERT INTO accounts_languages VALUES(25,'Hindi','hi');
INSERT INTO accounts_languages VALUES(26,'Hongrois','hu');
INSERT INTO accounts_languages VALUES(28,'KINYARWANDA','rw');
INSERT INTO accounts_languages VALUES(29,'Kurde','ku');
INSERT INTO accounts_languages VALUES(30,'Letton','lv');
INSERT INTO accounts_languages VALUES(31,'Lingala','ln');
INSERT INTO accounts_languages VALUES(32,'Lituanien','lt');
INSERT INTO accounts_languages VALUES(33,'Malgache','mg');
INSERT INTO accounts_languages VALUES(34,'Malinké','mnk');
INSERT INTO accounts_languages VALUES(35,'Mandarin','zh');
INSERT INTO accounts_languages VALUES(36,'Néerlandais','nl');
INSERT INTO accounts_languages VALUES(37,'Norvégien','no');
INSERT INTO accounts_languages VALUES(38,'Ourdou','ur');
INSERT INTO accounts_languages VALUES(39,'Pachto','ps');
INSERT INTO accounts_languages VALUES(40,'Polonais','pl');
INSERT INTO accounts_languages VALUES(41,'Portugais','pt');
INSERT INTO accounts_languages VALUES(42,'Roumain','ro');
INSERT INTO accounts_languages VALUES(43,'Russe','ru');
INSERT INTO accounts_languages VALUES(44,'Serbe','sr');
INSERT INTO accounts_languages VALUES(45,'Slovaque','sk');
INSERT INTO accounts_languages VALUES(46,'Slovène','sl');
INSERT INTO accounts_languages VALUES(47,'Somali','so');
INSERT INTO accounts_languages VALUES(48,'Suédois','sv');
INSERT INTO accounts_languages VALUES(49,'Swahili','sw');
INSERT INTO accounts_languages VALUES(50,'Tamoul','ta');
INSERT INTO accounts_languages VALUES(51,'Tchèque','cs');
INSERT INTO accounts_languages VALUES(52,'Thaï','th');
INSERT INTO accounts_languages VALUES(53,'Turc','tr');
INSERT INTO accounts_languages VALUES(54,'Vietnamien','vi');
INSERT INTO accounts_languages VALUES(55,'Wolof','wo');
INSERT INTO accounts_languages VALUES(56,'Autre','zz');
CREATE TABLE IF NOT EXISTS "accounts_child" ("id" integer NOT NULL PRIMARY KEY AUTOINCREMENT, "chld_name" varchar(100) NULL, "chld_surname" varchar(100) NULL, "chld_birthdate" date NOT NULL, "chld_gender" varchar(10) NOT NULL, "chld_spcl_attention" text NULL, "chld_seat" bool NOT NULL, "chld_user_id" integer NOT NULL REFERENCES "auth_user" ("id") DEFERRABLE INITIALLY DEFERRED);
INSERT INTO accounts_child VALUES(1,'Rjson','Boy','2015-07-03','Garçon','',0,4);
INSERT INTO accounts_child VALUES(2,'Rjson','Girl','2018-07-16','Fille','',1,4);
INSERT INTO accounts_child VALUES(3,'Yas','Mina','2008-07-15','Garçon','',1,2);
INSERT INTO accounts_child VALUES(4,'Mina','Yas','2000-02-15','Fille','',1,1);
INSERT INTO accounts_child VALUES(5,'Sam S','Enfant','2025-07-27','Garçon','',1,3);
INSERT INTO accounts_child VALUES(6,'Enfant 2','Sam S','2025-07-27','Garçon','',1,3);
INSERT INTO accounts_child VALUES(7,'Enfant 3','Sam','2025-07-27','Garçon','',1,3);
INSERT INTO accounts_child VALUES(8,'cam','luca','2000-11-27','Garçon','',1,2);
INSERT INTO accounts_child VALUES(9,'Camilleri','Luca','2000-11-27','Garçon','',1,1);
INSERT INTO accounts_child VALUES(10,'Boulvin','Shilo','2010-08-14','Garçon','',0,8);
INSERT INTO accounts_child VALUES(11,'LD','Otis','2023-04-03','Garçon','Pour les trajets en voiture, nécessite un siège auto groupe 1 avec harnais',1,8);
INSERT INTO accounts_child VALUES(12,'Enfant','luca','2000-11-27','Garçon','',0,19);
INSERT INTO accounts_child VALUES(13,'JennySon','Json','2014-08-06','Garçon','',1,5);
CREATE TABLE IF NOT EXISTS "accounts_profile_languages" ("id" integer NOT NULL PRIMARY KEY AUTOINCREMENT, "profile_id" bigint NOT NULL REFERENCES "accounts_profile" ("id") DEFERRABLE INITIALLY DEFERRED, "languages_id" bigint NOT NULL REFERENCES "accounts_languages" ("id") DEFERRABLE INITIALLY DEFERRED);
INSERT INTO accounts_profile_languages VALUES(1,2,1);
INSERT INTO accounts_profile_languages VALUES(4,1,1);
INSERT INTO accounts_profile_languages VALUES(7,7,1);
INSERT INTO accounts_profile_languages VALUES(8,7,2);
CREATE TABLE IF NOT EXISTS "accounts_review" ("id" integer NOT NULL PRIMARY KEY AUTOINCREMENT, "rating" integer NOT NULL, "comment" text NULL, "created_at" datetime NOT NULL, "reviewed_user_id" integer NOT NULL REFERENCES "auth_user" ("id") DEFERRABLE INITIALLY DEFERRED, "reviewer_id" integer NOT NULL REFERENCES "auth_user" ("id") DEFERRABLE INITIALLY DEFERRED);
INSERT INTO accounts_review VALUES(5,4,'Enfant sage et à l''écoute','2025-07-25 11:47:11.088238',1,2);
INSERT INTO accounts_review VALUES(6,3,'Trajet parfait ---','2025-07-25 11:47:48.137963',1,3);
INSERT INTO accounts_review VALUES(7,4,'SUPER','2025-07-25 14:30:52.731123',2,1);
INSERT INTO accounts_review VALUES(8,2,'','2025-08-04 13:10:23.971818',8,1);
INSERT INTO accounts_review VALUES(9,5,'Tres bon YaYa','2025-08-04 14:07:08.521644',1,5);
CREATE TABLE IF NOT EXISTS "django_admin_log" ("id" integer NOT NULL PRIMARY KEY AUTOINCREMENT, "object_id" text NULL, "object_repr" varchar(200) NOT NULL, "action_flag" smallint unsigned NOT NULL CHECK ("action_flag" >= 0), "change_message" text NOT NULL, "content_type_id" integer NULL REFERENCES "django_content_type" ("id") DEFERRABLE INITIALLY DEFERRED, "user_id" integer NOT NULL REFERENCES "auth_user" ("id") DEFERRABLE INITIALLY DEFERRED, "action_time" datetime NOT NULL);
INSERT INTO django_admin_log VALUES(1,'1','LucaAdmin',2,'[{"changed": {"fields": ["First name", "Last name", "User permissions"]}}]',4,1,'2025-07-25 11:06:18.777056');
INSERT INTO django_admin_log VALUES(2,'1','Français',1,'[{"added": {}}]',7,1,'2025-07-25 11:06:55.487704');
INSERT INTO django_admin_log VALUES(3,'2','Anglais',1,'[{"added": {}}]',7,1,'2025-07-25 11:07:05.602983');
INSERT INTO django_admin_log VALUES(4,'3','Arabe',1,'[{"added": {}}]',7,1,'2025-07-25 11:07:17.600207');
INSERT INTO django_admin_log VALUES(5,'4','Italien',1,'[{"added": {}}]',7,1,'2025-07-25 11:07:26.077473');
INSERT INTO django_admin_log VALUES(6,'1','🚶‍♀️À pied',1,'[{"added": {}}]',17,1,'2025-07-25 11:08:29.804877');
INSERT INTO django_admin_log VALUES(7,'2','🚗 Voiture',1,'[{"added": {}}]',17,1,'2025-07-25 11:08:47.340898');
INSERT INTO django_admin_log VALUES(8,'3','🚌 Transport',1,'[{"added": {}}]',17,1,'2025-07-25 11:09:11.957787');
INSERT INTO django_admin_log VALUES(9,'4','🚲 Vélo',1,'[{"added": {}}]',17,1,'2025-07-25 11:09:29.473477');
INSERT INTO django_admin_log VALUES(10,'1','LucaAdmin',2,'[{"changed": {"fields": ["Address", "Service"]}}]',9,1,'2025-07-25 11:11:14.027467');
INSERT INTO django_admin_log VALUES(11,'2','LucaPro',1,'[{"added": {}}]',4,1,'2025-07-25 11:11:56.216370');
INSERT INTO django_admin_log VALUES(12,'2','LucaPro',2,'[{"changed": {"fields": ["First name", "Last name", "Email address", "Staff status", "Superuser status", "User permissions"]}}]',4,1,'2025-07-25 11:12:17.835759');
INSERT INTO django_admin_log VALUES(13,'2','LucaPro',1,'[{"added": {}}]',9,1,'2025-07-25 11:12:28.927824');
INSERT INTO django_admin_log VALUES(14,'3','lucacamilleri55+2',2,'[{"changed": {"fields": ["First name", "Last name", "Staff status", "Superuser status"]}}]',4,1,'2025-07-25 11:34:01.201111');
INSERT INTO django_admin_log VALUES(15,'1','LucaAdmin',2,'[{"changed": {"fields": ["Languages"]}}]',9,3,'2025-07-25 11:53:38.643889');
INSERT INTO django_admin_log VALUES(16,'1','LucaAdmin',2,'[{"changed": {"fields": ["Profile picture"]}}]',9,3,'2025-07-25 12:05:39.217521');
INSERT INTO django_admin_log VALUES(17,'1','LucaAdmin',2,'[{"changed": {"fields": ["Languages"]}}]',9,3,'2025-07-25 12:08:44.001419');
INSERT INTO django_admin_log VALUES(18,'5','BanaAdmin',2,'[{"changed": {"fields": ["User permissions"]}}]',4,5,'2025-07-25 13:24:39.050883');
INSERT INTO django_admin_log VALUES(19,'4','lucacamilleri55@gmail.com',2,'[{"changed": {"fields": ["Verified", "Primary"]}}]',11,1,'2025-07-25 14:29:46.679435');
INSERT INTO django_admin_log VALUES(20,'5','BanaAdmin',2,'[{"changed": {"fields": ["First name", "Last name", "Email address", "User permissions"]}}]',4,1,'2025-07-27 10:33:27.242637');
INSERT INTO django_admin_log VALUES(21,'5','BanaAdmin',2,'[{"changed": {"fields": ["Email address"]}}]',4,1,'2025-07-27 10:34:04.634260');
INSERT INTO django_admin_log VALUES(22,'10','LucaPro - Monceau-sur-Sambre, Charleroi, Belgique → I.E.T. Notre-Dame, Rue de la Science, Charleroi, Belgique (2025-07-23)',3,'',18,1,'2025-07-27 10:36:19.248157');
INSERT INTO django_admin_log VALUES(23,'9','LucaPro - Monceau-sur-Sambre, Charleroi, Belgique → I.E.T. Notre-Dame, Rue de la Science, Charleroi, Belgique (2025-07-22)',3,'',18,1,'2025-07-27 10:36:19.248215');
INSERT INTO django_admin_log VALUES(24,'8','LucaPro - Monceau-sur-Sambre, Charleroi, Belgique → I.E.T. Notre-Dame, Rue de la Science, Charleroi, Belgique (2025-07-21)',3,'',18,1,'2025-07-27 10:36:19.248246');
INSERT INTO django_admin_log VALUES(25,'7','LucaPro - Charleroi, Belgique →  (2025-07-21)',3,'',18,1,'2025-07-27 10:36:19.248272');
INSERT INTO django_admin_log VALUES(26,'6','LucaPro - 6031 Charleroi, Belgique →  (2025-07-21)',3,'',18,1,'2025-07-27 10:36:19.248295');
INSERT INTO django_admin_log VALUES(27,'5','LucaPro - Charleroi, Belgique →  (2025-07-21)',3,'',18,1,'2025-07-27 10:36:19.248318');
INSERT INTO django_admin_log VALUES(28,'4','lucacamilleri55+2 - test → test (2000-11-06)',3,'',18,1,'2025-07-27 10:36:19.248341');
INSERT INTO django_admin_log VALUES(29,'3','lucacamilleri55+2 - Monceau-sur-Sambre, Charleroi, Belgique → Charleroi, Belgique (2025-07-21)',3,'',18,1,'2025-07-27 10:36:19.248364');
INSERT INTO django_admin_log VALUES(30,'2','LucaPro - Monceau-sur-Sambre, Charleroi, Belgique → Charleroi, Belgique (2025-07-22)',3,'',18,1,'2025-07-27 10:36:19.248386');
INSERT INTO django_admin_log VALUES(31,'1','LucaPro - Monceau-sur-Sambre, Charleroi, Belgique → Charleroi, Belgique (2025-07-21)',3,'',18,1,'2025-07-27 10:36:19.248410');
INSERT INTO django_admin_log VALUES(32,'8','LucaAdmin - (2025-07-23) - Monceau-sur-Sambre, Charleroi, Belgique → I.E.T. Notre-Dame, Rue de la Science, Charleroi, Belgique',3,'',20,1,'2025-07-27 10:36:24.883909');
INSERT INTO django_admin_log VALUES(33,'7','LucaAdmin - (2025-07-22) - Monceau-sur-Sambre, Charleroi, Belgique → I.E.T. Notre-Dame, Rue de la Science, Charleroi, Belgique',3,'',20,1,'2025-07-27 10:36:24.883962');
INSERT INTO django_admin_log VALUES(34,'6','LucaAdmin - (2025-07-21) - Monceau-sur-Sambre, Charleroi, Belgique → I.E.T. Notre-Dame, Rue de la Science, Charleroi, Belgique',3,'',20,1,'2025-07-27 10:36:24.883990');
INSERT INTO django_admin_log VALUES(35,'5','rj - (2025-08-01) - Digit-Up Agency, Avenue du Général Michel, Charleroi, Belgique → Centre IFAPME de Charleroi - Site Gilly, Chaussée de Lodelinsart, Charleroi, Belgique',3,'',20,1,'2025-07-27 10:36:24.884014');
INSERT INTO django_admin_log VALUES(36,'4','rj - (2025-07-30) - Digit-Up Agency, Avenue du Général Michel, Charleroi, Belgique → Centre IFAPME de Charleroi - Site Gilly, Chaussée de Lodelinsart, Charleroi, Belgique',3,'',20,1,'2025-07-27 10:36:24.884036');
INSERT INTO django_admin_log VALUES(37,'3','rj - (2025-07-28) - Digit-Up Agency, Avenue du Général Michel, Charleroi, Belgique → Centre IFAPME de Charleroi - Site Gilly, Chaussée de Lodelinsart, Charleroi, Belgique',3,'',20,1,'2025-07-27 10:36:24.884057');
INSERT INTO django_admin_log VALUES(38,'2','LucaAdmin - (2025-07-22) - Monceau-sur-Sambre, Charleroi, Belgique → Charleroi, Belgique',3,'',20,1,'2025-07-27 10:36:24.884077');
INSERT INTO django_admin_log VALUES(39,'1','LucaAdmin - (2025-07-21) - Monceau-sur-Sambre, Charleroi, Belgique → Charleroi, Belgique',3,'',20,1,'2025-07-27 10:36:24.884098');
INSERT INTO django_admin_log VALUES(40,'10','Monceau-sur-Sambre, Charleroi, Belgique to I.E.T. Notre-Dame, Rue de la Science, Charleroi, Belgique',3,'',16,1,'2025-07-27 10:36:35.223000');
INSERT INTO django_admin_log VALUES(41,'9','Monceau-sur-Sambre, Charleroi, Belgique to I.E.T. Notre-Dame, Rue de la Science, Charleroi, Belgique',3,'',16,1,'2025-07-27 10:36:35.223053');
INSERT INTO django_admin_log VALUES(42,'8','Charleroi, Belgique to ',3,'',16,1,'2025-07-27 10:36:35.223077');
INSERT INTO django_admin_log VALUES(43,'7','6031 Charleroi, Belgique to ',3,'',16,1,'2025-07-27 10:36:35.223095');
INSERT INTO django_admin_log VALUES(44,'6','Charleroi, Belgique to ',3,'',16,1,'2025-07-27 10:36:35.223112');
INSERT INTO django_admin_log VALUES(45,'5','Digit-Up Agency, Avenue du Général Michel, Charleroi, Belgique to Centre IFAPME de Charleroi - Site Gilly, Chaussée de Lodelinsart, Charleroi, Belgique',3,'',16,1,'2025-07-27 10:36:35.223130');
INSERT INTO django_admin_log VALUES(46,'4','test to test',3,'',16,1,'2025-07-27 10:36:35.223148');
INSERT INTO django_admin_log VALUES(47,'3','Monceau-sur-Sambre, Charleroi, Belgique to Charleroi, Belgique',3,'',16,1,'2025-07-27 10:36:35.223164');
INSERT INTO django_admin_log VALUES(48,'2','Monceau-sur-Sambre, Charleroi, Belgique to Charleroi, Belgique',3,'',16,1,'2025-07-27 10:36:35.223180');
INSERT INTO django_admin_log VALUES(49,'1','Monceau-sur-Sambre, Charleroi, Belgique to Charleroi, Belgique',3,'',16,1,'2025-07-27 10:36:35.223195');
INSERT INTO django_admin_log VALUES(50,'5','Enfant Sam S (Enfant de lucacamilleri55+2)',1,'[{"added": {}}]',8,1,'2025-07-27 10:45:15.246360');
INSERT INTO django_admin_log VALUES(51,'6','Sam S Enfant 2 (Enfant de lucacamilleri55+2)',1,'[{"added": {}}]',8,1,'2025-07-27 15:53:03.405130');
INSERT INTO django_admin_log VALUES(52,'15','lucacamilleri55+2 - (2025-07-27) - Monceau-sur-Sambre, Charleroi, Belgique → Charleroi, Belgique',2,'[{"changed": {"fields": ["Children"]}}]',20,1,'2025-07-27 20:59:24.596082');
INSERT INTO django_admin_log VALUES(53,'7','Sam Enfant 3 (Enfant de lucacamilleri55+2)',1,'[{"added": {}}]',8,1,'2025-07-27 21:04:38.670011');
INSERT INTO django_admin_log VALUES(54,'17','Reservation 17 by lucacamilleri55+2 for 3 places',2,'[{"changed": {"fields": ["Transport modes"]}}]',19,1,'2025-07-27 21:33:38.130878');
INSERT INTO django_admin_log VALUES(55,'17','Reservation 17 by lucacamilleri55+2 for 3 places',2,'[]',19,1,'2025-07-27 21:38:47.091865');
INSERT INTO django_admin_log VALUES(56,'1','LucaAdmin — Actif',1,'[{"added": {}}]',22,1,'2025-07-28 10:40:07.858939');
INSERT INTO django_admin_log VALUES(57,'1','LucaAdmin',2,'[{"changed": {"fields": ["Service"]}}]',9,1,'2025-07-28 10:56:02.559297');
INSERT INTO django_admin_log VALUES(58,'1','LucaAdmin',2,'[{"changed": {"fields": ["Service"]}}]',9,1,'2025-07-28 10:56:12.911279');
INSERT INTO django_admin_log VALUES(59,'1','LucaAdmin',2,'[{"changed": {"fields": ["Service"]}}]',9,1,'2025-07-28 13:16:22.969713');
INSERT INTO django_admin_log VALUES(60,'1','LucaAdmin',2,'[{"changed": {"fields": ["Service"]}}]',9,1,'2025-07-28 13:53:21.918240');
INSERT INTO django_admin_log VALUES(61,'1','LucaAdmin',2,'[{"changed": {"fields": ["Service"]}}]',9,1,'2025-07-28 13:56:59.280298');
INSERT INTO django_admin_log VALUES(62,'1','LucaAdmin',2,'[{"changed": {"fields": ["Service"]}}]',9,1,'2025-07-28 13:57:26.656299');
INSERT INTO django_admin_log VALUES(63,'1','LucaAdmin',2,'[{"changed": {"fields": ["Service"]}}]',9,1,'2025-07-28 14:00:21.659378');
INSERT INTO django_admin_log VALUES(64,'1','LucaAdmin — Inactif',2,'[{"changed": {"fields": ["Is active"]}}]',24,1,'2025-07-28 14:44:29.527671');
INSERT INTO django_admin_log VALUES(65,'1','LucaAdmin',2,'[{"changed": {"fields": ["Service"]}}]',9,1,'2025-07-28 14:54:00.649320');
INSERT INTO django_admin_log VALUES(66,'1','LucaAdmin — None - Actif',3,'',24,1,'2025-07-28 19:33:18.204809');
INSERT INTO django_admin_log VALUES(67,'1','LucaAdmin',2,'[{"changed": {"fields": ["Service"]}}]',9,1,'2025-07-28 21:06:35.901560');
INSERT INTO django_admin_log VALUES(68,'1','LucaAdmin',2,'[{"changed": {"fields": ["Service"]}}]',9,1,'2025-07-28 21:07:57.524931');
INSERT INTO django_admin_log VALUES(69,'1','LucaAdmin',2,'[{"changed": {"fields": ["Is verified"]}}]',9,1,'2025-07-30 11:16:34.291775');
INSERT INTO django_admin_log VALUES(70,'1','LucaAdmin',2,'[{"changed": {"fields": ["Is verified"]}}]',9,1,'2025-07-30 11:26:38.425942');
INSERT INTO django_admin_log VALUES(71,'1','LucaAdmin',2,'[{"changed": {"fields": ["Is verified"]}}]',9,1,'2025-07-30 13:14:00.772964');
INSERT INTO django_admin_log VALUES(72,'1','LucaAdmin',2,'[{"changed": {"fields": ["Is verified"]}}]',9,1,'2025-07-30 13:19:37.311763');
INSERT INTO django_admin_log VALUES(73,'1','LucaAdmin',2,'[{"changed": {"fields": ["Is verified"]}}]',9,1,'2025-07-30 13:23:58.421731');
INSERT INTO django_admin_log VALUES(74,'1','LucaAdmin',2,'[{"changed": {"fields": ["Is verified"]}}]',9,1,'2025-07-30 13:44:00.998495');
INSERT INTO django_admin_log VALUES(75,'1','LucaAdmin',2,'[{"changed": {"fields": ["Is verified"]}}]',9,1,'2025-07-30 13:54:23.678058');
INSERT INTO django_admin_log VALUES(76,'5','BanaAdmin',2,'[{"changed": {"fields": ["Email address"]}}]',4,5,'2025-07-30 14:10:17.400883');
INSERT INTO django_admin_log VALUES(77,'5','banaadmin@gmail.com',2,'[{"changed": {"fields": ["Verified", "Primary"]}}]',11,5,'2025-07-30 14:12:03.269888');
INSERT INTO django_admin_log VALUES(78,'1','LucaAdmin',2,'[]',9,1,'2025-07-30 15:14:27.439686');
INSERT INTO django_admin_log VALUES(79,'1','LucaAdmin',2,'[{"changed": {"fields": ["Is verified"]}}]',9,1,'2025-07-30 15:15:16.413920');
INSERT INTO django_admin_log VALUES(80,'1','LucaAdmin',2,'[{"changed": {"fields": ["Prfl is verified"]}}]',9,1,'2025-07-30 15:26:05.468877');
INSERT INTO django_admin_log VALUES(81,'1','LucaAdmin',2,'[{"changed": {"fields": ["Ci is verified", "Bvm is verified"]}}]',9,1,'2025-07-30 15:28:42.489278');
INSERT INTO django_admin_log VALUES(82,'1','LucaAdmin',2,'[{"changed": {"fields": ["Ci is verified", "Bvm is verified", "Prfl is verified"]}}]',9,1,'2025-07-30 15:29:05.266356');
INSERT INTO django_admin_log VALUES(83,'1','LucaAdmin',2,'[{"changed": {"fields": ["Bvm is verified", "Prfl is verified"]}}]',9,1,'2025-07-30 15:31:14.749259');
INSERT INTO django_admin_log VALUES(84,'1','LucaAdmin',2,'[{"changed": {"fields": ["Bvm is verified"]}}]',9,1,'2025-07-30 15:31:23.126633');
INSERT INTO django_admin_log VALUES(85,'1','LucaAdmin',2,'[{"changed": {"fields": ["Bonne vie et moers"]}}]',9,1,'2025-07-30 15:40:50.236889');
INSERT INTO django_admin_log VALUES(86,'1','LucaAdmin',2,'[{"changed": {"fields": ["Bonne vie et moers"]}}]',9,1,'2025-07-30 15:41:06.408839');
INSERT INTO django_admin_log VALUES(87,'5','BanaAdmin',2,'[{"changed": {"fields": ["Service"]}}]',9,5,'2025-07-31 17:17:48.865909');
INSERT INTO django_admin_log VALUES(88,'2','LucaPro',2,'[{"changed": {"fields": ["Service"]}}]',9,1,'2025-08-01 23:12:06.004364');
INSERT INTO django_admin_log VALUES(89,'2','LucaPro',2,'[{"changed": {"fields": ["Service"]}}]',9,1,'2025-08-01 23:12:20.726402');
INSERT INTO django_admin_log VALUES(90,'1','LucaAdmin',2,'[{"changed": {"fields": ["Ci is verified", "Prfl is verified", "Verified first name", "Verified last name", "Verified address"]}}]',9,1,'2025-08-02 12:08:34.383099');
INSERT INTO django_admin_log VALUES(91,'1','LucaAdmin',2,'[{"changed": {"fields": ["User permissions"]}}]',4,1,'2025-08-02 22:17:49.862815');
INSERT INTO django_admin_log VALUES(92,'70','LucaPro - Charleroi, Belgique →  (2025-08-06)',3,'',18,1,'2025-08-03 19:42:53.686062');
INSERT INTO django_admin_log VALUES(93,'69','LucaPro - Charleroi, Belgique → Bruxelles, Belgique (2025-08-06)',3,'',18,1,'2025-08-03 19:42:53.686122');
INSERT INTO django_admin_log VALUES(94,'68','LucaPro - Charleroi, Belgique → Bruxelles, Belgique (2025-08-05)',3,'',18,1,'2025-08-03 19:42:53.686155');
INSERT INTO django_admin_log VALUES(95,'67','LucaPro - Charleroi, Belgique → Bruxelles, Belgique (2025-08-04)',3,'',18,1,'2025-08-03 19:42:53.686181');
INSERT INTO django_admin_log VALUES(96,'66','LucaPro - Charleroi, Belgique → Bruxelles, Belgique (2025-08-06)',3,'',18,1,'2025-08-03 19:42:53.686205');
INSERT INTO django_admin_log VALUES(97,'65','LucaPro - Charleroi, Belgique → Bruxelles, Belgique (2025-08-04)',3,'',18,1,'2025-08-03 19:42:53.686229');
INSERT INTO django_admin_log VALUES(98,'64','LucaPro - Charleroi, Belgique → Bruxelles, Belgique (2025-08-06)',3,'',18,1,'2025-08-03 19:42:53.686251');
INSERT INTO django_admin_log VALUES(99,'43','LucaAdmin - (2025-08-07) - Charleroi, Belgique → Bruxelles, Belgique',3,'',20,1,'2025-08-03 19:43:00.372242');
INSERT INTO django_admin_log VALUES(100,'42','LucaAdmin - (2025-08-06) - Charleroi, Belgique → Bruxelles, Belgique',3,'',20,1,'2025-08-03 19:43:00.372299');
INSERT INTO django_admin_log VALUES(101,'41','LucaAdmin - (2025-08-04) - Charleroi, Belgique → Bruxelles, Belgique',3,'',20,1,'2025-08-03 19:43:00.372329');
INSERT INTO django_admin_log VALUES(102,'21','lucacamilleri55+2 - (2025-08-03) - Charleroi, Belgique → Charleroi, Belgique',3,'',20,1,'2025-08-03 19:43:00.372353');
INSERT INTO django_admin_log VALUES(103,'72','LucaPro - Charleroi, Belgique → Bruxelles, Belgique (2025-08-03)',2,'[{"changed": {"fields": ["Is active"]}}]',18,1,'2025-08-03 19:46:11.034772');
INSERT INTO django_admin_log VALUES(104,'72','LucaPro - Charleroi, Belgique → Bruxelles, Belgique (2025-08-03)',2,'[{"changed": {"fields": ["Is active"]}}]',18,1,'2025-08-03 19:59:43.038139');
INSERT INTO django_admin_log VALUES(105,'4','rj',2,'[{"changed": {"fields": ["Bonne vie et moers"]}}]',9,5,'2025-08-04 08:44:33.955780');
INSERT INTO django_admin_log VALUES(106,'6','NyotaTestOne',1,'[{"added": {}}]',4,5,'2025-08-04 09:16:18.831295');
INSERT INTO django_admin_log VALUES(107,'1','Accounts',1,'[{"added": {}}]',25,5,'2025-08-04 09:22:50.764162');
INSERT INTO django_admin_log VALUES(108,'2','Admin',1,'[{"added": {}}]',25,5,'2025-08-04 09:23:12.409109');
INSERT INTO django_admin_log VALUES(109,'3','BugTracker',1,'[{"added": {}}]',25,5,'2025-08-04 09:23:39.282401');
INSERT INTO django_admin_log VALUES(110,'4','Stripe',1,'[{"added": {}}]',25,5,'2025-08-04 09:23:56.033628');
INSERT INTO django_admin_log VALUES(111,'5','Trajects',1,'[{"added": {}}]',25,5,'2025-08-04 09:24:11.402054');
INSERT INTO django_admin_log VALUES(112,'1','V1',1,'[{"added": {}}]',27,5,'2025-08-04 09:24:49.697897');
INSERT INTO django_admin_log VALUES(113,'2','V1.1',1,'[{"added": {}}]',27,5,'2025-08-04 09:24:55.112969');
INSERT INTO django_admin_log VALUES(114,'3','V1.2',1,'[{"added": {}}]',27,5,'2025-08-04 09:25:00.387217');
INSERT INTO django_admin_log VALUES(115,'4','V1.3',1,'[{"added": {}}]',27,5,'2025-08-04 09:25:05.809854');
INSERT INTO django_admin_log VALUES(116,'5','V1.4',1,'[{"added": {}}]',27,5,'2025-08-04 09:25:11.204816');
INSERT INTO django_admin_log VALUES(117,'6','V2',1,'[{"added": {}}]',27,5,'2025-08-04 09:25:17.657277');
INSERT INTO django_admin_log VALUES(118,'1','Dev',1,'[{"added": {}}]',26,5,'2025-08-04 09:26:46.713725');
INSERT INTO django_admin_log VALUES(119,'2','Stagging',1,'[{"added": {}}]',26,5,'2025-08-04 09:26:53.358457');
INSERT INTO django_admin_log VALUES(120,'3','Production',1,'[{"added": {}}]',26,5,'2025-08-04 09:27:02.170101');
INSERT INTO django_admin_log VALUES(121,'8','nyota.delecourt',2,'[{"changed": {"fields": ["Staff status", "Superuser status", "User permissions"]}}]',4,1,'2025-08-04 09:28:02.237267');
INSERT INTO django_admin_log VALUES(122,'1','LucaAdmin',2,'[{"changed": {"fields": ["Service"]}}]',9,1,'2025-08-04 13:28:23.538209');
INSERT INTO django_admin_log VALUES(123,'1','LucaAdmin',2,'[{"changed": {"fields": ["Email address"]}}]',4,1,'2025-08-04 13:48:54.715416');
INSERT INTO django_admin_log VALUES(124,'4','#4 - Griser les zones pour les non-abonnés.',2,'[{"changed": {"fields": ["Title"]}}]',28,5,'2025-08-04 17:12:53.077660');
INSERT INTO django_admin_log VALUES(125,'1','LucaAdmin',2,'[{"changed": {"fields": ["Service"]}}]',9,1,'2025-08-04 19:59:44.245615');
INSERT INTO django_admin_log VALUES(126,'1','LucaAdmin',2,'[{"changed": {"fields": ["Service"]}}]',9,1,'2025-08-04 20:32:20.799779');
INSERT INTO django_admin_log VALUES(127,'1','LucaAdmin',2,'[{"changed": {"fields": ["Service"]}}]',9,1,'2025-08-04 20:32:42.104543');
INSERT INTO django_admin_log VALUES(128,'94','LucaPro - Monceau-sur-Sambre, Charleroi, Belgique →  (2025-08-06)',3,'',18,1,'2025-08-05 10:26:20.503440');
INSERT INTO django_admin_log VALUES(129,'93','LucaPro - Rue Emile Vandervelde, Monceau-sur-Sambre Charleroi, Belgique → I.E.T. Notre-Dame, Rue de la Science, Charleroi, Belgique (2025-08-08)',3,'',18,1,'2025-08-05 10:26:20.503496');
INSERT INTO django_admin_log VALUES(130,'92','LucaPro - Rue Emile Vandervelde, Monceau-sur-Sambre Charleroi, Belgique → I.E.T. Notre-Dame, Rue de la Science, Charleroi, Belgique (2025-08-07)',3,'',18,1,'2025-08-05 10:26:20.503526');
INSERT INTO django_admin_log VALUES(131,'91','LucaPro - Rue Emile Vandervelde, Monceau-sur-Sambre Charleroi, Belgique → I.E.T. Notre-Dame, Rue de la Science, Charleroi, Belgique (2025-08-06)',3,'',18,1,'2025-08-05 10:26:20.503549');
INSERT INTO django_admin_log VALUES(132,'90','LucaPro - Rue Emile Vandervelde, Monceau-sur-Sambre Charleroi, Belgique → I.E.T. Notre-Dame, Rue de la Science, Charleroi, Belgique (2025-08-06)',3,'',18,1,'2025-08-05 10:26:20.503572');
INSERT INTO django_admin_log VALUES(133,'89','LucaPro - Rue Emile Vandervelde, Monceau-sur-Sambre Charleroi, Belgique → I.E.T. Notre-Dame, Rue de la Science, Charleroi, Belgique (2025-08-06)',3,'',18,1,'2025-08-05 10:26:20.503594');
INSERT INTO django_admin_log VALUES(134,'88','LucaAdmin - Monceau-sursambre → Charleroi (2025-08-06)',3,'',18,1,'2025-08-05 10:26:20.503615');
INSERT INTO django_admin_log VALUES(135,'87','LucaAdmin - Avenue du Général Michel 1e, Charleroi, Belgique → Aéroport de Charleroi Bruxelles-Sud (CRL), Charleroi, Belgique (2025-08-08)',3,'',18,1,'2025-08-05 10:26:20.503635');
INSERT INTO django_admin_log VALUES(136,'86','LucaAdmin - Electro-Pièces, Chaussée de Châtelet, Gilly Charleroi, Belgique → Nivelles, Belgique (2025-08-05)',3,'',18,1,'2025-08-05 10:26:20.503655');
INSERT INTO django_admin_log VALUES(137,'85','LucaAdmin - Avenue du Général Michel 1e, Charleroi, Belgique → Aéroport de Charleroi Bruxelles-Sud (CRL), Charleroi, Belgique (2025-08-06)',3,'',18,1,'2025-08-05 10:26:20.503675');
INSERT INTO django_admin_log VALUES(138,'84','LucaAdmin - Avenue du Général Michel 1e, Charleroi, Belgique → Aéroport de Charleroi Bruxelles-Sud (CRL), Charleroi, Belgique (2025-08-08)',3,'',18,1,'2025-08-05 10:26:20.503695');
INSERT INTO django_admin_log VALUES(139,'83','LucaAdmin - Avenue du Général Michel 1e, Charleroi, Belgique → Aéroport de Charleroi Bruxelles-Sud (CRL), Charleroi, Belgique (2025-08-06)',3,'',18,1,'2025-08-05 10:26:20.503716');
INSERT INTO django_admin_log VALUES(140,'82','LucaAdmin - Charleroi, Belgique →  (2025-08-05)',3,'',18,1,'2025-08-05 10:26:20.503736');
INSERT INTO django_admin_log VALUES(141,'81','LucaAdmin - Charleroi, Belgique →  (2025-08-04)',3,'',18,1,'2025-08-05 10:26:20.503755');
INSERT INTO django_admin_log VALUES(142,'80','LucaAdmin - Charleroi, Belgique →  (2025-08-05)',3,'',18,1,'2025-08-05 10:26:20.503775');
INSERT INTO django_admin_log VALUES(143,'79','LucaAdmin - Charleroi, Belgique →  (2025-08-03)',3,'',18,1,'2025-08-05 10:26:20.503795');
INSERT INTO django_admin_log VALUES(144,'78','LucaAdmin - Charleroi, Belgique → Charleroi, Belgique (2025-08-03)',3,'',18,1,'2025-08-05 10:26:20.503814');
INSERT INTO django_admin_log VALUES(145,'77','nyota.delecourt - Electro-Pièces, Chaussée de Châtelet, Gilly Charleroi, Belgique → Nivelles, Belgique (2025-08-04)',3,'',18,1,'2025-08-05 10:26:20.503833');
INSERT INTO django_admin_log VALUES(146,'76','nyota.delecourt - Electro-Pièces, Chaussée de Châtelet, Gilly Charleroi, Belgique → Boulevard de la Dodaine, Nivelles, Belgique (2025-08-08)',3,'',18,1,'2025-08-05 10:26:20.503854');
INSERT INTO django_admin_log VALUES(147,'75','nyota.delecourt - Electro-Pièces, Chaussée de Châtelet, Gilly Charleroi, Belgique → Boulevard de la Dodaine, Nivelles, Belgique (2025-08-07)',3,'',18,1,'2025-08-05 10:26:20.503873');
INSERT INTO django_admin_log VALUES(148,'74','nyota.delecourt - Electro-Pièces, Chaussée de Châtelet, Gilly Charleroi, Belgique → Boulevard de la Dodaine, Nivelles, Belgique (2025-08-06)',3,'',18,1,'2025-08-05 10:26:20.503892');
INSERT INTO django_admin_log VALUES(149,'73','nyota.delecourt - Electro-Pièces, Chaussée de Châtelet, Gilly Charleroi, Belgique → Boulevard de la Dodaine, Nivelles, Belgique (2025-08-04)',3,'',18,1,'2025-08-05 10:26:20.503912');
INSERT INTO django_admin_log VALUES(150,'72','LucaPro - Charleroi, Belgique → Bruxelles, Belgique (2025-08-03)',3,'',18,1,'2025-08-05 10:26:20.503930');
INSERT INTO django_admin_log VALUES(151,'68','LucaAdmin - (2025-08-07) - Rue Emile Vandervelde, Monceau-sur-Sambre Charleroi, Belgique → I.E.T. Notre-Dame, Rue de la Science, Charleroi, Belgique',3,'',20,1,'2025-08-05 10:26:30.516331');
INSERT INTO django_admin_log VALUES(152,'67','LucaAdmin - (2025-08-06) - Rue Emile Vandervelde, Monceau-sur-Sambre Charleroi, Belgique → I.E.T. Notre-Dame, Rue de la Science, Charleroi, Belgique',3,'',20,1,'2025-08-05 10:26:30.516380');
INSERT INTO django_admin_log VALUES(153,'66','rj - (2025-08-08) - Avenue du Général Michel 1e, Charleroi, Belgique → Aéroport de Charleroi Bruxelles-Sud (CRL), Charleroi, Belgique',3,'',20,1,'2025-08-05 10:26:30.516406');
INSERT INTO django_admin_log VALUES(154,'65','rj - (2025-08-06) - Avenue du Général Michel 1e, Charleroi, Belgique → Aéroport de Charleroi Bruxelles-Sud (CRL), Charleroi, Belgique',3,'',20,1,'2025-08-05 10:26:30.516429');
INSERT INTO django_admin_log VALUES(155,'64','BanaAdmin - (2025-08-08) - Avenue du Général Michel 1e, Charleroi, Belgique → Aéroport de Charleroi Bruxelles-Sud (CRL), Charleroi, Belgique',3,'',20,1,'2025-08-05 10:26:30.516450');
INSERT INTO django_admin_log VALUES(156,'63','BanaAdmin - (2025-08-06) - Avenue du Général Michel 1e, Charleroi, Belgique → Aéroport de Charleroi Bruxelles-Sud (CRL), Charleroi, Belgique',3,'',20,1,'2025-08-05 10:26:30.516469');
INSERT INTO django_admin_log VALUES(157,'62','LucaAdmin - (2025-08-04) - Charleroi Entreprendre, Avenue du Général Michel, Charleroi, Belgique → Charleroi Entreprendre, Avenue du Général Michel, Charleroi, Belgique',3,'',20,1,'2025-08-05 10:26:30.516489');
INSERT INTO django_admin_log VALUES(158,'61','lucacamilleri55+4 - (2025-08-10) - Charleroi Entreprendre, Avenue du Général Michel, Charleroi, Belgique → Charleroi Entreprendre, Avenue du Général Michel, Charleroi, Belgique',3,'',20,1,'2025-08-05 10:26:30.516510');
INSERT INTO django_admin_log VALUES(159,'60','lucacamilleri55+4 - (2025-08-03) - Charleroi Entreprendre, Avenue du Général Michel, Charleroi, Belgique → Charleroi Entreprendre, Avenue du Général Michel, Charleroi, Belgique',3,'',20,1,'2025-08-05 10:26:30.516530');
INSERT INTO django_admin_log VALUES(160,'59','lucacamilleri55+4 - (2025-07-28) - Charleroi Entreprendre, Avenue du Général Michel, Charleroi, Belgique → Charleroi Entreprendre, Avenue du Général Michel, Charleroi, Belgique',3,'',20,1,'2025-08-05 10:26:30.516549');
INSERT INTO django_admin_log VALUES(161,'58','LucaAdmin - (2025-08-06) - Electro-Pièces, Chaussée de Châtelet, Gilly Charleroi, Belgique → Nivelles, Belgique',3,'',20,1,'2025-08-05 10:26:30.516569');
INSERT INTO django_admin_log VALUES(162,'57','LucaAdmin - (2025-08-05) - Electro-Pièces, Chaussée de Châtelet, Gilly Charleroi, Belgique → Nivelles, Belgique',3,'',20,1,'2025-08-05 10:26:30.516587');
INSERT INTO django_admin_log VALUES(163,'56','LucaAdmin - (2025-08-04) - Electro-Pièces, Chaussée de Châtelet, Gilly Charleroi, Belgique → Nivelles, Belgique',3,'',20,1,'2025-08-05 10:26:30.516606');
INSERT INTO django_admin_log VALUES(164,'55','LucaAdmin - (2025-08-06) - Electro-Pièces, Chaussée de Châtelet,  Charleroi, Belgique → Nivelles, Belgique',3,'',20,1,'2025-08-05 10:26:30.516625');
INSERT INTO django_admin_log VALUES(165,'54','LucaAdmin - (2025-08-05) - Electro-Pièces, Chaussée de Châtelet,  Charleroi, Belgique → Nivelles, Belgique',3,'',20,1,'2025-08-05 10:26:30.516643');
INSERT INTO django_admin_log VALUES(166,'53','LucaAdmin - (2025-08-04) - Electro-Pièces, Chaussée de Châtelet,  Charleroi, Belgique → Nivelles, Belgique',3,'',20,1,'2025-08-05 10:26:30.516661');
INSERT INTO django_admin_log VALUES(167,'52','LucaAdmin - (2025-08-06) - Chaussée de Châtelet, Charleroi, Belgique → Crèche Communale de Nivelles, Boulevard de la Dodaine, Nivelles, Belgique',3,'',20,1,'2025-08-05 10:26:30.516679');
INSERT INTO django_admin_log VALUES(168,'51','LucaAdmin - (2025-08-05) - Chaussée de Châtelet, Charleroi, Belgique → Crèche Communale de Nivelles, Boulevard de la Dodaine, Nivelles, Belgique',3,'',20,1,'2025-08-05 10:26:30.516698');
INSERT INTO django_admin_log VALUES(169,'50','LucaAdmin - (2025-08-04) - Chaussée de Châtelet, Charleroi, Belgique → Crèche Communale de Nivelles, Boulevard de la Dodaine, Nivelles, Belgique',3,'',20,1,'2025-08-05 10:26:30.516717');
INSERT INTO django_admin_log VALUES(170,'49','LucaAdmin - (2025-08-03) - Charleroi, Belgique → Bruxelles, Belgique',3,'',20,1,'2025-08-05 10:26:30.516735');
INSERT INTO django_admin_log VALUES(171,'140','Monceau-sur-Sambre, Charleroi, Belgique to ',3,'',16,1,'2025-08-05 10:26:42.331310');
INSERT INTO django_admin_log VALUES(172,'139','Rue Emile Vandervelde, Monceau-sur-Sambre Charleroi, Belgique to I.E.T. Notre-Dame, Rue de la Science, Charleroi, Belgique',3,'',16,1,'2025-08-05 10:26:42.331354');
INSERT INTO django_admin_log VALUES(173,'138','Rue Emile Vandervelde, Monceau-sur-Sambre Charleroi, Belgique to I.E.T. Notre-Dame, Rue de la Science, Charleroi, Belgique',3,'',16,1,'2025-08-05 10:26:42.331376');
INSERT INTO django_admin_log VALUES(174,'137','Rue Emile Vandervelde, Monceau-sur-Sambre Charleroi, Belgique to I.E.T. Notre-Dame, Rue de la Science, Charleroi, Belgique',3,'',16,1,'2025-08-05 10:26:42.331392');
INSERT INTO django_admin_log VALUES(175,'136','Rue Emile Vandervelde, Monceau-sur-Sambre Charleroi, Belgique to I.E.T. Notre-Dame, Rue de la Science, Charleroi, Belgique',3,'',16,1,'2025-08-05 10:26:42.331409');
INSERT INTO django_admin_log VALUES(176,'135','Monceau-sursambre to Charleroi',3,'',16,1,'2025-08-05 10:26:42.331424');
INSERT INTO django_admin_log VALUES(177,'134','Avenue du Général Michel 1e, Charleroi, Belgique to Aéroport de Charleroi Bruxelles-Sud (CRL), Charleroi, Belgique',3,'',16,1,'2025-08-05 10:26:42.331439');
INSERT INTO django_admin_log VALUES(178,'133','Avenue du Général Michel 1e, Charleroi, Belgique to Aéroport de Charleroi Bruxelles-Sud (CRL), Charleroi, Belgique',3,'',16,1,'2025-08-05 10:26:42.331454');
INSERT INTO django_admin_log VALUES(179,'132','Avenue du Général Michel 1e, Charleroi, Belgique to Aéroport de Charleroi Bruxelles-Sud (CRL), Charleroi, Belgique',3,'',16,1,'2025-08-05 10:26:42.331468');
INSERT INTO django_admin_log VALUES(180,'131','Charleroi, Belgique to ',3,'',16,1,'2025-08-05 10:26:42.331483');
INSERT INTO django_admin_log VALUES(181,'130','Charleroi, Belgique to ',3,'',16,1,'2025-08-05 10:26:42.331497');
INSERT INTO django_admin_log VALUES(182,'129','Charleroi, Belgique to ',3,'',16,1,'2025-08-05 10:26:42.331512');
INSERT INTO django_admin_log VALUES(183,'128','Charleroi, Belgique to ',3,'',16,1,'2025-08-05 10:26:42.331527');
INSERT INTO django_admin_log VALUES(184,'127','Charleroi, Belgique to Charleroi, Belgique',3,'',16,1,'2025-08-05 10:26:42.331542');
INSERT INTO django_admin_log VALUES(185,'126','Charleroi Entreprendre, Avenue du Général Michel, Charleroi, Belgique to Charleroi Entreprendre, Avenue du Général Michel, Charleroi, Belgique',3,'',16,1,'2025-08-05 10:26:42.331557');
INSERT INTO django_admin_log VALUES(186,'125','Charleroi Entreprendre, Avenue du Général Michel, Charleroi, Belgique to Charleroi Entreprendre, Avenue du Général Michel, Charleroi, Belgique',3,'',16,1,'2025-08-05 10:26:42.331572');
INSERT INTO django_admin_log VALUES(187,'124','Charleroi Entreprendre, Avenue du Général Michel, Charleroi, Belgique to Charleroi Entreprendre, Avenue du Général Michel, Charleroi, Belgique',3,'',16,1,'2025-08-05 10:26:42.331586');
INSERT INTO django_admin_log VALUES(188,'123','Electro-Pièces, Chaussée de Châtelet, Gilly Charleroi, Belgique to Nivelles, Belgique',3,'',16,1,'2025-08-05 10:26:42.331600');
INSERT INTO django_admin_log VALUES(189,'122','Electro-Pièces, Chaussée de Châtelet,  Charleroi, Belgique to Nivelles, Belgique',3,'',16,1,'2025-08-05 10:26:42.331614');
INSERT INTO django_admin_log VALUES(190,'121','Chaussée de Châtelet, Charleroi, Belgique to Crèche Communale de Nivelles, Boulevard de la Dodaine, Nivelles, Belgique',3,'',16,1,'2025-08-05 10:26:42.331628');
INSERT INTO django_admin_log VALUES(191,'120','Electro-Pièces, Chaussée de Châtelet, Gilly Charleroi, Belgique to Boulevard de la Dodaine, Nivelles, Belgique',3,'',16,1,'2025-08-05 10:26:42.331641');
INSERT INTO django_admin_log VALUES(192,'119','Charleroi, Belgique to Bruxelles, Belgique',3,'',16,1,'2025-08-05 10:26:42.331655');
INSERT INTO django_admin_log VALUES(193,'118','Charleroi, Belgique to Bruxelles, Belgique',3,'',16,1,'2025-08-05 10:26:42.331669');
INSERT INTO django_admin_log VALUES(194,'117','Charleroi, Belgique to Bruxelles, Belgique',3,'',16,1,'2025-08-05 10:26:42.331683');
INSERT INTO django_admin_log VALUES(195,'116','Charleroi, Belgique to Bruxelles, Belgique',3,'',16,1,'2025-08-05 10:26:42.331696');
INSERT INTO django_admin_log VALUES(196,'115','Charleroi, Belgique to Bruxelles, Belgique',3,'',16,1,'2025-08-05 10:26:42.331710');
INSERT INTO django_admin_log VALUES(197,'114','Charleroi, Belgique to Bruxelles, Belgique',3,'',16,1,'2025-08-05 10:26:42.331724');
INSERT INTO django_admin_log VALUES(198,'113','Charleroi, Belgique to Bruxelles, Belgique',3,'',16,1,'2025-08-05 10:26:42.331738');
INSERT INTO django_admin_log VALUES(199,'112','Charleroi, Belgique to ',3,'',16,1,'2025-08-05 10:26:42.331751');
INSERT INTO django_admin_log VALUES(200,'111','Charleroi, Belgique to Bruxelles, Belgique',3,'',16,1,'2025-08-05 10:26:42.331765');
INSERT INTO django_admin_log VALUES(201,'110','Charleroi, Belgique to Bruxelles, Belgique',3,'',16,1,'2025-08-05 10:26:42.331780');
INSERT INTO django_admin_log VALUES(202,'109','Charleroi, Belgique to Bruxelles, Belgique',3,'',16,1,'2025-08-05 10:26:42.331793');
INSERT INTO django_admin_log VALUES(203,'108','Charleroi, Belgique to ',3,'',16,1,'2025-08-05 10:26:42.331808');
INSERT INTO django_admin_log VALUES(204,'107','Charleroi, Belgique to ',3,'',16,1,'2025-08-05 10:26:42.331823');
INSERT INTO django_admin_log VALUES(205,'106','Charleroi, Belgique to Bruxelles, Belgique',3,'',16,1,'2025-08-05 10:26:42.331838');
INSERT INTO django_admin_log VALUES(206,'105','Charleroi, Belgique to Bruxelles, Belgique',3,'',16,1,'2025-08-05 10:26:42.331852');
INSERT INTO django_admin_log VALUES(207,'104','Bruxelles, Belgique to Charleroi, Belgique',3,'',16,1,'2025-08-05 10:26:42.331866');
INSERT INTO django_admin_log VALUES(208,'103','Bruxelles, Belgique to Charleroi, Belgique',3,'',16,1,'2025-08-05 10:26:42.331880');
INSERT INTO django_admin_log VALUES(209,'102','Rue Neuve, Bruxelles, Belgique to I.E.T. Notre-Dame, Rue de la Science, Charleroi, Belgique',3,'',16,1,'2025-08-05 10:26:42.331894');
INSERT INTO django_admin_log VALUES(210,'101','Bruxelles, Belgique to ',3,'',16,1,'2025-08-05 10:26:42.331908');
INSERT INTO django_admin_log VALUES(211,'100','Bruxelles, Belgique to Charleroi, Belgique',3,'',16,1,'2025-08-05 10:26:42.331923');
INSERT INTO django_admin_log VALUES(212,'99','Bruxelles, Belgique to ',3,'',16,1,'2025-08-05 10:26:42.331937');
INSERT INTO django_admin_log VALUES(213,'98','Bruxelles, Belgique to ',3,'',16,1,'2025-08-05 10:26:42.331951');
INSERT INTO django_admin_log VALUES(214,'97','Rue Neuve, Bruxelles, Belgique to I.E.T. Notre-Dame, Rue de la Science, Charleroi, Belgique',3,'',16,1,'2025-08-05 10:26:42.331965');
INSERT INTO django_admin_log VALUES(215,'96','Bruxelles, Belgique to Charleroi, Belgique',3,'',16,1,'2025-08-05 10:26:42.331978');
INSERT INTO django_admin_log VALUES(216,'95','Rue Neuve, Bruxelles, Belgique to I.E.T. Notre-Dame, Rue de la Science, Charleroi, Belgique',3,'',16,1,'2025-08-05 10:26:42.331993');
INSERT INTO django_admin_log VALUES(217,'94','Bruxelles, Belgique to Charleroi, Belgique',3,'',16,1,'2025-08-05 10:26:42.332008');
INSERT INTO django_admin_log VALUES(218,'93','Bruxelles, Belgique to I.E.T. Notre-Dame, Rue de la Science, Charleroi, Belgique',3,'',16,1,'2025-08-05 10:26:42.332022');
INSERT INTO django_admin_log VALUES(219,'92','Rue Neuve, Bruxelles, Belgique to I.E.T. Notre-Dame, Rue de la Science, Charleroi, Belgique',3,'',16,1,'2025-08-05 10:26:42.332036');
INSERT INTO django_admin_log VALUES(220,'91','Rue Neuve, Bruxelles, Belgique to I.E.T. Notre-Dame, Rue de la Science, Charleroi, Belgique',3,'',16,1,'2025-08-05 10:26:42.332050');
INSERT INTO django_admin_log VALUES(221,'90','I.E.T. Notre-Dame, Rue de la Science, Charleroi, Belgique to Rue Neuve, Bruxelles, Belgique',3,'',16,1,'2025-08-05 10:26:42.332063');
INSERT INTO django_admin_log VALUES(222,'89','Charleroi, Belgique to ',3,'',16,1,'2025-08-05 10:26:42.332077');
INSERT INTO django_admin_log VALUES(223,'88','Charleroi, Belgique to Bruxelles, Belgique',3,'',16,1,'2025-08-05 10:26:42.332091');
INSERT INTO django_admin_log VALUES(224,'87','Bruxelles, Belgique to Charleroi, Belgique',3,'',16,1,'2025-08-05 10:26:42.332106');
INSERT INTO django_admin_log VALUES(225,'86','Rue Neuve, Bruxelles, Belgique to I.E.T. Notre-Dame, Rue de la Science, Charleroi, Belgique',3,'',16,1,'2025-08-05 10:26:42.332120');
INSERT INTO django_admin_log VALUES(226,'85','Rue Neuve, Bruxelles, Belgique to I.E.T. Notre-Dame, Rue de la Science, Charleroi, Belgique',3,'',16,1,'2025-08-05 10:26:42.332140');
INSERT INTO django_admin_log VALUES(227,'84','Rue Neuve, Bruxelles, Belgique to I.E.T. Notre-Dame, Rue de la Science, Charleroi, Belgique',3,'',16,1,'2025-08-05 10:26:42.332155');
INSERT INTO django_admin_log VALUES(228,'83','I.E.T. Notre-Dame, Rue de la Science, Charleroi, Belgique to Rue Neuve, Bruxelles, Belgique',3,'',16,1,'2025-08-05 10:26:42.332169');
INSERT INTO django_admin_log VALUES(229,'82','Charleroi, Belgique to Bruxelles, Belgique',3,'',16,1,'2025-08-05 10:26:42.332188');
INSERT INTO django_admin_log VALUES(230,'81','I.E.T. Notre-Dame, Rue de la Science, Charleroi, Belgique to Rue Neuve, Bruxelles, Belgique',3,'',16,1,'2025-08-05 10:26:42.332202');
INSERT INTO django_admin_log VALUES(231,'80','I.E.T. Notre-Dame, Rue de la Science, Charleroi, Belgique to Rue Neuve, Bruxelles, Belgique',3,'',16,1,'2025-08-05 10:26:42.332216');
INSERT INTO django_admin_log VALUES(232,'79','I.E.T. Notre-Dame, Rue de la Science, Charleroi, Belgique to Rue Neuve, Bruxelles, Belgique',3,'',16,1,'2025-08-05 10:26:42.332230');
INSERT INTO django_admin_log VALUES(233,'78','I.E.T. Notre-Dame, Rue de la Science, Charleroi, Belgique to Rue Neuve, Bruxelles, Belgique',3,'',16,1,'2025-08-05 10:26:42.332244');
INSERT INTO django_admin_log VALUES(234,'77','Charleroi, Belgique to Bruxelles, Belgique',3,'',16,1,'2025-08-05 10:26:42.332258');
INSERT INTO django_admin_log VALUES(235,'76','Rue Neuve, Bruxelles, Belgique to I.E.T. Notre-Dame, Rue de la Science, Charleroi, Belgique',3,'',16,1,'2025-08-05 10:26:42.332272');
INSERT INTO django_admin_log VALUES(236,'75','Charleroi, Belgique to Bruxelles, Belgique',3,'',16,1,'2025-08-05 10:26:42.332286');
INSERT INTO django_admin_log VALUES(237,'74','Bruxelles, Belgique to Charleroi, Belgique',3,'',16,1,'2025-08-05 10:26:42.332300');
INSERT INTO django_admin_log VALUES(238,'73','Bruxelles, Belgique to Charleroi, Belgique',3,'',16,1,'2025-08-05 10:26:42.332314');
INSERT INTO django_admin_log VALUES(239,'72','Bruxelles, Belgique to Charleroi, Belgique',3,'',16,1,'2025-08-05 10:26:42.332327');
INSERT INTO django_admin_log VALUES(240,'71','Bruxelles, Belgique to Charleroi, Belgique',3,'',16,1,'2025-08-05 10:26:42.332341');
INSERT INTO django_admin_log VALUES(241,'70','Parc du Cinquantenaire, Bruxelles, Belgique to I.E.T. Notre-Dame, Rue de la Science, Charleroi, Belgique',3,'',16,1,'2025-08-05 10:26:42.332354');
INSERT INTO django_admin_log VALUES(242,'69','Bruxelles, Belgique to Charleroi, Belgique',3,'',16,1,'2025-08-05 10:26:42.332368');
INSERT INTO django_admin_log VALUES(243,'68','Parc du Cinquantenaire, Bruxelles, Belgique to I.E.T. Notre-Dame, Rue de la Science, Charleroi, Belgique',3,'',16,1,'2025-08-05 10:26:42.332382');
INSERT INTO django_admin_log VALUES(244,'67','Parc du Cinquantenaire, Bruxelles, Belgique to I.E.T. Notre-Dame, Rue de la Science, Charleroi, Belgique',3,'',16,1,'2025-08-05 10:26:42.332396');
INSERT INTO django_admin_log VALUES(245,'66','Bruxelles, Belgique to Charleroi, Belgique',3,'',16,1,'2025-08-05 10:26:42.332410');
INSERT INTO django_admin_log VALUES(246,'65','Parc du Cinquantenaire, Bruxelles, Belgique to Charleroi, Belgique',3,'',16,1,'2025-08-05 10:26:42.332424');
INSERT INTO django_admin_log VALUES(247,'64','Bruxelles, Belgique to I.E.T. Notre-Dame, Rue de la Science, Charleroi, Belgique',3,'',16,1,'2025-08-05 10:26:42.332437');
INSERT INTO django_admin_log VALUES(248,'63','Bruxelles, Belgique to ',3,'',16,1,'2025-08-05 10:26:42.332453');
INSERT INTO django_admin_log VALUES(249,'62','Charleroi, Belgique to ',3,'',16,1,'2025-08-05 10:26:42.332467');
INSERT INTO django_admin_log VALUES(250,'61','Parc du Cinquantenaire, Bruxelles, Belgique to Charleroi, Belgique',3,'',16,1,'2025-08-05 10:26:42.332481');
INSERT INTO django_admin_log VALUES(251,'60','Parc du Cinquantenaire, Bruxelles, Belgique to I.E.T. Notre-Dame, Rue de la Science, Charleroi, Belgique',3,'',16,1,'2025-08-05 10:26:42.332495');
INSERT INTO django_admin_log VALUES(252,'59','Bruxelles, Belgique to Charleroi, Belgique',3,'',16,1,'2025-08-05 10:26:42.332509');
INSERT INTO django_admin_log VALUES(253,'58','Parc du Cinquantenaire, Bruxelles, Belgique to I.E.T. Notre-Dame, Rue de la Science, Charleroi, Belgique',3,'',16,1,'2025-08-05 10:26:42.332523');
INSERT INTO django_admin_log VALUES(254,'57','Parc du Cinquantenaire, Bruxelles, Belgique to I.E.T. Notre-Dame, Rue de la Science, Charleroi, Belgique',3,'',16,1,'2025-08-05 10:26:42.332536');
INSERT INTO django_admin_log VALUES(255,'56','Parc du Cinquantenaire, Bruxelles, Belgique to I.E.T. Notre-Dame, Rue de la Science, Charleroi, Belgique',3,'',16,1,'2025-08-05 10:26:42.332550');
INSERT INTO django_admin_log VALUES(256,'55','Charleroi, Belgique to I.E.T. Notre-Dame, Rue de la Science, Charleroi, Belgique',3,'',16,1,'2025-08-05 10:26:42.332563');
INSERT INTO django_admin_log VALUES(257,'54','Rue Emile Vandervelde, Monceau-sur-Sambre 6031 Charleroi, Belgique to I.E.T. Notre-Dame, Rue de la Science, Charleroi, Belgique',3,'',16,1,'2025-08-05 10:26:42.332577');
INSERT INTO django_admin_log VALUES(258,'53','Rue Emile Vandervelde, Monceau-sur-Sambre 6031 Charleroi, Belgique to I.E.T. Notre-Dame, Rue de la Science, Charleroi, Belgique',3,'',16,1,'2025-08-05 10:26:42.332592');
INSERT INTO django_admin_log VALUES(259,'52','Charleroi, Belgique to Charleroi, Belgique',3,'',16,1,'2025-08-05 10:26:42.332606');
INSERT INTO django_admin_log VALUES(260,'51','Charleroi, Belgique to Charleroi, Belgique',3,'',16,1,'2025-08-05 10:26:42.332620');
INSERT INTO django_admin_log VALUES(261,'50','Charleroi, Belgique to Charleroi, Belgique',3,'',16,1,'2025-08-05 10:26:42.332634');
INSERT INTO django_admin_log VALUES(262,'49','Charleroi, Belgique to Charleroi, Belgique',3,'',16,1,'2025-08-05 10:26:42.332647');
INSERT INTO django_admin_log VALUES(263,'48','Charleroi, Belgique to Charleroi, Belgique',3,'',16,1,'2025-08-05 10:26:42.332661');
INSERT INTO django_admin_log VALUES(264,'47','Charleroi, Belgique to ',3,'',16,1,'2025-08-05 10:26:42.332675');
INSERT INTO django_admin_log VALUES(265,'46','Charleroi, Belgique to Charleroi, Belgique',3,'',16,1,'2025-08-05 10:26:42.332689');
INSERT INTO django_admin_log VALUES(266,'45','Charleroi, Belgique to Charleroi, Belgique',3,'',16,1,'2025-08-05 10:26:42.332702');
INSERT INTO django_admin_log VALUES(267,'44','Rue de Châtelet, Charleroi, Belgique to Charleroi, Belgique',3,'',16,1,'2025-08-05 10:26:42.332716');
INSERT INTO django_admin_log VALUES(268,'43','Châtelet, Belgique to ',3,'',16,1,'2025-08-05 10:26:42.332730');
INSERT INTO django_admin_log VALUES(269,'42','Rue de Châtelet, Charleroi, Belgique to Charleroi, Belgique',3,'',16,1,'2025-08-05 10:26:42.332744');
INSERT INTO django_admin_log VALUES(270,'41','Charleroi, Belgique to Charleroi, Belgique',3,'',16,1,'2025-08-05 10:26:42.332758');
INSERT INTO django_admin_log VALUES(271,'188','nyota.delecourt - Electro-Pièces, Chaussée de Châtelet, Gilly Charleroi, Belgique → Boulevard de la Dodaine 50, Nivelles, Belgique (2026-06-26)',3,'',18,1,'2025-08-05 10:44:30.131271');
INSERT INTO django_admin_log VALUES(272,'187','nyota.delecourt - Electro-Pièces, Chaussée de Châtelet, Gilly Charleroi, Belgique → Boulevard de la Dodaine 50, Nivelles, Belgique (2026-06-25)',3,'',18,1,'2025-08-05 10:44:30.131323');
INSERT INTO django_admin_log VALUES(273,'186','nyota.delecourt - Electro-Pièces, Chaussée de Châtelet, Gilly Charleroi, Belgique → Boulevard de la Dodaine 50, Nivelles, Belgique (2026-06-19)',3,'',18,1,'2025-08-05 10:44:30.131351');
INSERT INTO django_admin_log VALUES(274,'185','nyota.delecourt - Electro-Pièces, Chaussée de Châtelet, Gilly Charleroi, Belgique → Boulevard de la Dodaine 50, Nivelles, Belgique (2026-06-18)',3,'',18,1,'2025-08-05 10:44:30.131374');
INSERT INTO django_admin_log VALUES(275,'184','nyota.delecourt - Electro-Pièces, Chaussée de Châtelet, Gilly Charleroi, Belgique → Boulevard de la Dodaine 50, Nivelles, Belgique (2026-06-12)',3,'',18,1,'2025-08-05 10:44:30.131396');
INSERT INTO django_admin_log VALUES(276,'183','nyota.delecourt - Electro-Pièces, Chaussée de Châtelet, Gilly Charleroi, Belgique → Boulevard de la Dodaine 50, Nivelles, Belgique (2026-06-11)',3,'',18,1,'2025-08-05 10:44:30.131417');
INSERT INTO django_admin_log VALUES(277,'182','nyota.delecourt - Electro-Pièces, Chaussée de Châtelet, Gilly Charleroi, Belgique → Boulevard de la Dodaine 50, Nivelles, Belgique (2026-06-05)',3,'',18,1,'2025-08-05 10:44:30.131438');
INSERT INTO django_admin_log VALUES(278,'181','nyota.delecourt - Electro-Pièces, Chaussée de Châtelet, Gilly Charleroi, Belgique → Boulevard de la Dodaine 50, Nivelles, Belgique (2026-06-04)',3,'',18,1,'2025-08-05 10:44:30.131458');
INSERT INTO django_admin_log VALUES(279,'180','nyota.delecourt - Electro-Pièces, Chaussée de Châtelet, Gilly Charleroi, Belgique → Boulevard de la Dodaine 50, Nivelles, Belgique (2026-05-29)',3,'',18,1,'2025-08-05 10:44:30.131478');
INSERT INTO django_admin_log VALUES(280,'179','nyota.delecourt - Electro-Pièces, Chaussée de Châtelet, Gilly Charleroi, Belgique → Boulevard de la Dodaine 50, Nivelles, Belgique (2026-05-28)',3,'',18,1,'2025-08-05 10:44:30.131498');
INSERT INTO django_admin_log VALUES(281,'178','nyota.delecourt - Electro-Pièces, Chaussée de Châtelet, Gilly Charleroi, Belgique → Boulevard de la Dodaine 50, Nivelles, Belgique (2026-05-22)',3,'',18,1,'2025-08-05 10:44:30.131519');
INSERT INTO django_admin_log VALUES(282,'177','nyota.delecourt - Electro-Pièces, Chaussée de Châtelet, Gilly Charleroi, Belgique → Boulevard de la Dodaine 50, Nivelles, Belgique (2026-05-21)',3,'',18,1,'2025-08-05 10:44:30.131539');
INSERT INTO django_admin_log VALUES(283,'176','nyota.delecourt - Electro-Pièces, Chaussée de Châtelet, Gilly Charleroi, Belgique → Boulevard de la Dodaine 50, Nivelles, Belgique (2026-05-15)',3,'',18,1,'2025-08-05 10:44:30.131558');
INSERT INTO django_admin_log VALUES(284,'175','nyota.delecourt - Electro-Pièces, Chaussée de Châtelet, Gilly Charleroi, Belgique → Boulevard de la Dodaine 50, Nivelles, Belgique (2026-05-14)',3,'',18,1,'2025-08-05 10:44:30.131578');
INSERT INTO django_admin_log VALUES(285,'174','nyota.delecourt - Electro-Pièces, Chaussée de Châtelet, Gilly Charleroi, Belgique → Boulevard de la Dodaine 50, Nivelles, Belgique (2026-05-08)',3,'',18,1,'2025-08-05 10:44:30.131597');
INSERT INTO django_admin_log VALUES(286,'173','nyota.delecourt - Electro-Pièces, Chaussée de Châtelet, Gilly Charleroi, Belgique → Boulevard de la Dodaine 50, Nivelles, Belgique (2026-05-07)',3,'',18,1,'2025-08-05 10:44:30.131616');
INSERT INTO django_admin_log VALUES(287,'172','nyota.delecourt - Electro-Pièces, Chaussée de Châtelet, Gilly Charleroi, Belgique → Boulevard de la Dodaine 50, Nivelles, Belgique (2026-05-01)',3,'',18,1,'2025-08-05 10:44:30.131637');
INSERT INTO django_admin_log VALUES(288,'171','nyota.delecourt - Electro-Pièces, Chaussée de Châtelet, Gilly Charleroi, Belgique → Boulevard de la Dodaine 50, Nivelles, Belgique (2026-04-30)',3,'',18,1,'2025-08-05 10:44:30.131657');
INSERT INTO django_admin_log VALUES(289,'170','nyota.delecourt - Electro-Pièces, Chaussée de Châtelet, Gilly Charleroi, Belgique → Boulevard de la Dodaine 50, Nivelles, Belgique (2026-04-24)',3,'',18,1,'2025-08-05 10:44:30.131676');
INSERT INTO django_admin_log VALUES(290,'169','nyota.delecourt - Electro-Pièces, Chaussée de Châtelet, Gilly Charleroi, Belgique → Boulevard de la Dodaine 50, Nivelles, Belgique (2026-04-23)',3,'',18,1,'2025-08-05 10:44:30.131695');
INSERT INTO django_admin_log VALUES(291,'168','nyota.delecourt - Electro-Pièces, Chaussée de Châtelet, Gilly Charleroi, Belgique → Boulevard de la Dodaine 50, Nivelles, Belgique (2026-04-17)',3,'',18,1,'2025-08-05 10:44:30.131714');
INSERT INTO django_admin_log VALUES(292,'167','nyota.delecourt - Electro-Pièces, Chaussée de Châtelet, Gilly Charleroi, Belgique → Boulevard de la Dodaine 50, Nivelles, Belgique (2026-04-16)',3,'',18,1,'2025-08-05 10:44:30.131732');
INSERT INTO django_admin_log VALUES(293,'166','nyota.delecourt - Electro-Pièces, Chaussée de Châtelet, Gilly Charleroi, Belgique → Boulevard de la Dodaine 50, Nivelles, Belgique (2026-04-10)',3,'',18,1,'2025-08-05 10:44:30.131751');
INSERT INTO django_admin_log VALUES(294,'165','nyota.delecourt - Electro-Pièces, Chaussée de Châtelet, Gilly Charleroi, Belgique → Boulevard de la Dodaine 50, Nivelles, Belgique (2026-04-09)',3,'',18,1,'2025-08-05 10:44:30.131771');
INSERT INTO django_admin_log VALUES(295,'164','nyota.delecourt - Electro-Pièces, Chaussée de Châtelet, Gilly Charleroi, Belgique → Boulevard de la Dodaine 50, Nivelles, Belgique (2026-04-03)',3,'',18,1,'2025-08-05 10:44:30.131790');
INSERT INTO django_admin_log VALUES(296,'163','nyota.delecourt - Electro-Pièces, Chaussée de Châtelet, Gilly Charleroi, Belgique → Boulevard de la Dodaine 50, Nivelles, Belgique (2026-04-02)',3,'',18,1,'2025-08-05 10:44:30.131810');
INSERT INTO django_admin_log VALUES(297,'162','nyota.delecourt - Electro-Pièces, Chaussée de Châtelet, Gilly Charleroi, Belgique → Boulevard de la Dodaine 50, Nivelles, Belgique (2026-03-27)',3,'',18,1,'2025-08-05 10:44:30.131830');
INSERT INTO django_admin_log VALUES(298,'161','nyota.delecourt - Electro-Pièces, Chaussée de Châtelet, Gilly Charleroi, Belgique → Boulevard de la Dodaine 50, Nivelles, Belgique (2026-03-26)',3,'',18,1,'2025-08-05 10:44:30.131850');
INSERT INTO django_admin_log VALUES(299,'160','nyota.delecourt - Electro-Pièces, Chaussée de Châtelet, Gilly Charleroi, Belgique → Boulevard de la Dodaine 50, Nivelles, Belgique (2026-03-20)',3,'',18,1,'2025-08-05 10:44:30.131869');
INSERT INTO django_admin_log VALUES(300,'159','nyota.delecourt - Electro-Pièces, Chaussée de Châtelet, Gilly Charleroi, Belgique → Boulevard de la Dodaine 50, Nivelles, Belgique (2026-03-19)',3,'',18,1,'2025-08-05 10:44:30.131887');
INSERT INTO django_admin_log VALUES(301,'158','nyota.delecourt - Electro-Pièces, Chaussée de Châtelet, Gilly Charleroi, Belgique → Boulevard de la Dodaine 50, Nivelles, Belgique (2026-03-13)',3,'',18,1,'2025-08-05 10:44:30.131906');
INSERT INTO django_admin_log VALUES(302,'157','nyota.delecourt - Electro-Pièces, Chaussée de Châtelet, Gilly Charleroi, Belgique → Boulevard de la Dodaine 50, Nivelles, Belgique (2026-03-12)',3,'',18,1,'2025-08-05 10:44:30.131925');
INSERT INTO django_admin_log VALUES(303,'156','nyota.delecourt - Electro-Pièces, Chaussée de Châtelet, Gilly Charleroi, Belgique → Boulevard de la Dodaine 50, Nivelles, Belgique (2026-03-06)',3,'',18,1,'2025-08-05 10:44:30.131950');
INSERT INTO django_admin_log VALUES(304,'155','nyota.delecourt - Electro-Pièces, Chaussée de Châtelet, Gilly Charleroi, Belgique → Boulevard de la Dodaine 50, Nivelles, Belgique (2026-03-05)',3,'',18,1,'2025-08-05 10:44:30.131970');
INSERT INTO django_admin_log VALUES(305,'154','nyota.delecourt - Electro-Pièces, Chaussée de Châtelet, Gilly Charleroi, Belgique → Boulevard de la Dodaine 50, Nivelles, Belgique (2026-02-27)',3,'',18,1,'2025-08-05 10:44:30.131989');
INSERT INTO django_admin_log VALUES(306,'153','nyota.delecourt - Electro-Pièces, Chaussée de Châtelet, Gilly Charleroi, Belgique → Boulevard de la Dodaine 50, Nivelles, Belgique (2026-02-26)',3,'',18,1,'2025-08-05 10:44:30.132008');
INSERT INTO django_admin_log VALUES(307,'152','nyota.delecourt - Electro-Pièces, Chaussée de Châtelet, Gilly Charleroi, Belgique → Boulevard de la Dodaine 50, Nivelles, Belgique (2026-02-20)',3,'',18,1,'2025-08-05 10:44:30.132026');
INSERT INTO django_admin_log VALUES(308,'151','nyota.delecourt - Electro-Pièces, Chaussée de Châtelet, Gilly Charleroi, Belgique → Boulevard de la Dodaine 50, Nivelles, Belgique (2026-02-19)',3,'',18,1,'2025-08-05 10:44:30.132045');
INSERT INTO django_admin_log VALUES(309,'150','nyota.delecourt - Electro-Pièces, Chaussée de Châtelet, Gilly Charleroi, Belgique → Boulevard de la Dodaine 50, Nivelles, Belgique (2026-02-13)',3,'',18,1,'2025-08-05 10:44:30.132064');
INSERT INTO django_admin_log VALUES(310,'149','nyota.delecourt - Electro-Pièces, Chaussée de Châtelet, Gilly Charleroi, Belgique → Boulevard de la Dodaine 50, Nivelles, Belgique (2026-02-12)',3,'',18,1,'2025-08-05 10:44:30.132083');
INSERT INTO django_admin_log VALUES(311,'148','nyota.delecourt - Electro-Pièces, Chaussée de Châtelet, Gilly Charleroi, Belgique → Boulevard de la Dodaine 50, Nivelles, Belgique (2026-02-06)',3,'',18,1,'2025-08-05 10:44:30.132101');
INSERT INTO django_admin_log VALUES(312,'147','nyota.delecourt - Electro-Pièces, Chaussée de Châtelet, Gilly Charleroi, Belgique → Boulevard de la Dodaine 50, Nivelles, Belgique (2026-02-05)',3,'',18,1,'2025-08-05 10:44:30.132121');
INSERT INTO django_admin_log VALUES(313,'146','nyota.delecourt - Electro-Pièces, Chaussée de Châtelet, Gilly Charleroi, Belgique → Boulevard de la Dodaine 50, Nivelles, Belgique (2026-01-30)',3,'',18,1,'2025-08-05 10:44:30.132152');
INSERT INTO django_admin_log VALUES(314,'145','nyota.delecourt - Electro-Pièces, Chaussée de Châtelet, Gilly Charleroi, Belgique → Boulevard de la Dodaine 50, Nivelles, Belgique (2026-01-29)',3,'',18,1,'2025-08-05 10:44:30.132177');
INSERT INTO django_admin_log VALUES(315,'144','nyota.delecourt - Electro-Pièces, Chaussée de Châtelet, Gilly Charleroi, Belgique → Boulevard de la Dodaine 50, Nivelles, Belgique (2026-01-23)',3,'',18,1,'2025-08-05 10:44:30.132197');
INSERT INTO django_admin_log VALUES(316,'143','nyota.delecourt - Electro-Pièces, Chaussée de Châtelet, Gilly Charleroi, Belgique → Boulevard de la Dodaine 50, Nivelles, Belgique (2026-01-22)',3,'',18,1,'2025-08-05 10:44:30.132217');
INSERT INTO django_admin_log VALUES(317,'142','nyota.delecourt - Electro-Pièces, Chaussée de Châtelet, Gilly Charleroi, Belgique → Boulevard de la Dodaine 50, Nivelles, Belgique (2026-01-16)',3,'',18,1,'2025-08-05 10:44:30.132236');
INSERT INTO django_admin_log VALUES(318,'141','nyota.delecourt - Electro-Pièces, Chaussée de Châtelet, Gilly Charleroi, Belgique → Boulevard de la Dodaine 50, Nivelles, Belgique (2026-01-15)',3,'',18,1,'2025-08-05 10:44:30.132255');
INSERT INTO django_admin_log VALUES(319,'140','nyota.delecourt - Electro-Pièces, Chaussée de Châtelet, Gilly Charleroi, Belgique → Boulevard de la Dodaine 50, Nivelles, Belgique (2026-01-09)',3,'',18,1,'2025-08-05 10:44:30.132273');
INSERT INTO django_admin_log VALUES(320,'139','nyota.delecourt - Electro-Pièces, Chaussée de Châtelet, Gilly Charleroi, Belgique → Boulevard de la Dodaine 50, Nivelles, Belgique (2026-01-08)',3,'',18,1,'2025-08-05 10:44:30.132292');
INSERT INTO django_admin_log VALUES(321,'138','nyota.delecourt - Electro-Pièces, Chaussée de Châtelet, Gilly Charleroi, Belgique → Boulevard de la Dodaine 50, Nivelles, Belgique (2026-01-02)',3,'',18,1,'2025-08-05 10:44:30.132311');
INSERT INTO django_admin_log VALUES(322,'137','nyota.delecourt - Electro-Pièces, Chaussée de Châtelet, Gilly Charleroi, Belgique → Boulevard de la Dodaine 50, Nivelles, Belgique (2026-01-01)',3,'',18,1,'2025-08-05 10:44:30.132330');
INSERT INTO django_admin_log VALUES(323,'136','nyota.delecourt - Electro-Pièces, Chaussée de Châtelet, Gilly Charleroi, Belgique → Boulevard de la Dodaine 50, Nivelles, Belgique (2025-12-26)',3,'',18,1,'2025-08-05 10:44:30.132350');
INSERT INTO django_admin_log VALUES(324,'135','nyota.delecourt - Electro-Pièces, Chaussée de Châtelet, Gilly Charleroi, Belgique → Boulevard de la Dodaine 50, Nivelles, Belgique (2025-12-25)',3,'',18,1,'2025-08-05 10:44:30.132370');
INSERT INTO django_admin_log VALUES(325,'134','nyota.delecourt - Electro-Pièces, Chaussée de Châtelet, Gilly Charleroi, Belgique → Boulevard de la Dodaine 50, Nivelles, Belgique (2025-12-19)',3,'',18,1,'2025-08-05 10:44:30.132388');
INSERT INTO django_admin_log VALUES(326,'133','nyota.delecourt - Electro-Pièces, Chaussée de Châtelet, Gilly Charleroi, Belgique → Boulevard de la Dodaine 50, Nivelles, Belgique (2025-12-18)',3,'',18,1,'2025-08-05 10:44:30.132407');
INSERT INTO django_admin_log VALUES(327,'132','nyota.delecourt - Electro-Pièces, Chaussée de Châtelet, Gilly Charleroi, Belgique → Boulevard de la Dodaine 50, Nivelles, Belgique (2025-12-12)',3,'',18,1,'2025-08-05 10:44:30.132426');
INSERT INTO django_admin_log VALUES(328,'131','nyota.delecourt - Electro-Pièces, Chaussée de Châtelet, Gilly Charleroi, Belgique → Boulevard de la Dodaine 50, Nivelles, Belgique (2025-12-11)',3,'',18,1,'2025-08-05 10:44:30.132445');
INSERT INTO django_admin_log VALUES(329,'130','nyota.delecourt - Electro-Pièces, Chaussée de Châtelet, Gilly Charleroi, Belgique → Boulevard de la Dodaine 50, Nivelles, Belgique (2025-12-05)',3,'',18,1,'2025-08-05 10:44:30.132464');
INSERT INTO django_admin_log VALUES(330,'129','nyota.delecourt - Electro-Pièces, Chaussée de Châtelet, Gilly Charleroi, Belgique → Boulevard de la Dodaine 50, Nivelles, Belgique (2025-12-04)',3,'',18,1,'2025-08-05 10:44:30.132483');
INSERT INTO django_admin_log VALUES(331,'128','nyota.delecourt - Electro-Pièces, Chaussée de Châtelet, Gilly Charleroi, Belgique → Boulevard de la Dodaine 50, Nivelles, Belgique (2025-11-28)',3,'',18,1,'2025-08-05 10:44:30.132501');
INSERT INTO django_admin_log VALUES(332,'127','nyota.delecourt - Electro-Pièces, Chaussée de Châtelet, Gilly Charleroi, Belgique → Boulevard de la Dodaine 50, Nivelles, Belgique (2025-11-27)',3,'',18,1,'2025-08-05 10:44:30.132520');
INSERT INTO django_admin_log VALUES(333,'126','nyota.delecourt - Electro-Pièces, Chaussée de Châtelet, Gilly Charleroi, Belgique → Boulevard de la Dodaine 50, Nivelles, Belgique (2025-11-21)',3,'',18,1,'2025-08-05 10:44:30.132539');
INSERT INTO django_admin_log VALUES(334,'125','nyota.delecourt - Electro-Pièces, Chaussée de Châtelet, Gilly Charleroi, Belgique → Boulevard de la Dodaine 50, Nivelles, Belgique (2025-11-20)',3,'',18,1,'2025-08-05 10:44:30.132557');
INSERT INTO django_admin_log VALUES(335,'124','nyota.delecourt - Electro-Pièces, Chaussée de Châtelet, Gilly Charleroi, Belgique → Boulevard de la Dodaine 50, Nivelles, Belgique (2025-11-14)',3,'',18,1,'2025-08-05 10:44:30.132575');
INSERT INTO django_admin_log VALUES(336,'123','nyota.delecourt - Electro-Pièces, Chaussée de Châtelet, Gilly Charleroi, Belgique → Boulevard de la Dodaine 50, Nivelles, Belgique (2025-11-13)',3,'',18,1,'2025-08-05 10:44:30.132594');
INSERT INTO django_admin_log VALUES(337,'122','nyota.delecourt - Electro-Pièces, Chaussée de Châtelet, Gilly Charleroi, Belgique → Boulevard de la Dodaine 50, Nivelles, Belgique (2025-11-07)',3,'',18,1,'2025-08-05 10:44:30.132613');
INSERT INTO django_admin_log VALUES(338,'121','nyota.delecourt - Electro-Pièces, Chaussée de Châtelet, Gilly Charleroi, Belgique → Boulevard de la Dodaine 50, Nivelles, Belgique (2025-11-06)',3,'',18,1,'2025-08-05 10:44:30.132632');
INSERT INTO django_admin_log VALUES(339,'120','nyota.delecourt - Electro-Pièces, Chaussée de Châtelet, Gilly Charleroi, Belgique → Boulevard de la Dodaine 50, Nivelles, Belgique (2025-10-31)',3,'',18,1,'2025-08-05 10:44:30.132650');
INSERT INTO django_admin_log VALUES(340,'119','nyota.delecourt - Electro-Pièces, Chaussée de Châtelet, Gilly Charleroi, Belgique → Boulevard de la Dodaine 50, Nivelles, Belgique (2025-10-30)',3,'',18,1,'2025-08-05 10:44:30.132669');
INSERT INTO django_admin_log VALUES(341,'118','nyota.delecourt - Electro-Pièces, Chaussée de Châtelet, Gilly Charleroi, Belgique → Boulevard de la Dodaine 50, Nivelles, Belgique (2025-10-24)',3,'',18,1,'2025-08-05 10:44:30.132687');
INSERT INTO django_admin_log VALUES(342,'117','nyota.delecourt - Electro-Pièces, Chaussée de Châtelet, Gilly Charleroi, Belgique → Boulevard de la Dodaine 50, Nivelles, Belgique (2025-10-23)',3,'',18,1,'2025-08-05 10:44:30.132706');
INSERT INTO django_admin_log VALUES(343,'116','nyota.delecourt - Electro-Pièces, Chaussée de Châtelet, Gilly Charleroi, Belgique → Boulevard de la Dodaine 50, Nivelles, Belgique (2025-10-17)',3,'',18,1,'2025-08-05 10:44:30.132724');
INSERT INTO django_admin_log VALUES(344,'115','nyota.delecourt - Electro-Pièces, Chaussée de Châtelet, Gilly Charleroi, Belgique → Boulevard de la Dodaine 50, Nivelles, Belgique (2025-10-16)',3,'',18,1,'2025-08-05 10:44:30.132742');
INSERT INTO django_admin_log VALUES(345,'114','nyota.delecourt - Electro-Pièces, Chaussée de Châtelet, Gilly Charleroi, Belgique → Boulevard de la Dodaine 50, Nivelles, Belgique (2025-10-10)',3,'',18,1,'2025-08-05 10:44:30.132761');
INSERT INTO django_admin_log VALUES(346,'113','nyota.delecourt - Electro-Pièces, Chaussée de Châtelet, Gilly Charleroi, Belgique → Boulevard de la Dodaine 50, Nivelles, Belgique (2025-10-09)',3,'',18,1,'2025-08-05 10:44:30.132779');
INSERT INTO django_admin_log VALUES(347,'112','nyota.delecourt - Electro-Pièces, Chaussée de Châtelet, Gilly Charleroi, Belgique → Boulevard de la Dodaine 50, Nivelles, Belgique (2025-10-03)',3,'',18,1,'2025-08-05 10:44:30.132799');
INSERT INTO django_admin_log VALUES(348,'111','nyota.delecourt - Electro-Pièces, Chaussée de Châtelet, Gilly Charleroi, Belgique → Boulevard de la Dodaine 50, Nivelles, Belgique (2025-10-02)',3,'',18,1,'2025-08-05 10:44:30.132819');
INSERT INTO django_admin_log VALUES(349,'110','nyota.delecourt - Electro-Pièces, Chaussée de Châtelet, Gilly Charleroi, Belgique → Boulevard de la Dodaine 50, Nivelles, Belgique (2025-09-26)',3,'',18,1,'2025-08-05 10:44:30.132838');
INSERT INTO django_admin_log VALUES(350,'109','nyota.delecourt - Electro-Pièces, Chaussée de Châtelet, Gilly Charleroi, Belgique → Boulevard de la Dodaine 50, Nivelles, Belgique (2025-09-25)',3,'',18,1,'2025-08-05 10:44:30.132858');
INSERT INTO django_admin_log VALUES(351,'108','nyota.delecourt - Electro-Pièces, Chaussée de Châtelet, Gilly Charleroi, Belgique → Boulevard de la Dodaine 50, Nivelles, Belgique (2025-09-19)',3,'',18,1,'2025-08-05 10:44:30.132877');
INSERT INTO django_admin_log VALUES(352,'107','nyota.delecourt - Electro-Pièces, Chaussée de Châtelet, Gilly Charleroi, Belgique → Boulevard de la Dodaine 50, Nivelles, Belgique (2025-09-18)',3,'',18,1,'2025-08-05 10:44:30.132896');
INSERT INTO django_admin_log VALUES(353,'106','nyota.delecourt - Electro-Pièces, Chaussée de Châtelet, Gilly Charleroi, Belgique → Boulevard de la Dodaine 50, Nivelles, Belgique (2025-09-12)',3,'',18,1,'2025-08-05 10:44:30.132915');
INSERT INTO django_admin_log VALUES(354,'105','nyota.delecourt - Electro-Pièces, Chaussée de Châtelet, Gilly Charleroi, Belgique → Boulevard de la Dodaine 50, Nivelles, Belgique (2025-09-11)',3,'',18,1,'2025-08-05 10:44:30.132934');
INSERT INTO django_admin_log VALUES(355,'104','nyota.delecourt - Electro-Pièces, Chaussée de Châtelet, Gilly Charleroi, Belgique → Boulevard de la Dodaine 50, Nivelles, Belgique (2025-09-05)',3,'',18,1,'2025-08-05 10:44:30.132953');
INSERT INTO django_admin_log VALUES(356,'103','nyota.delecourt - Electro-Pièces, Chaussée de Châtelet, Gilly Charleroi, Belgique → Boulevard de la Dodaine 50, Nivelles, Belgique (2025-09-04)',3,'',18,1,'2025-08-05 10:44:30.132972');
INSERT INTO django_admin_log VALUES(357,'102','nyota.delecourt - Electro-Pièces, Chaussée de Châtelet, Gilly Charleroi, Belgique → Boulevard de la Dodaine 50, Nivelles, Belgique (2025-08-29)',3,'',18,1,'2025-08-05 10:44:30.132990');
INSERT INTO django_admin_log VALUES(358,'101','nyota.delecourt - Electro-Pièces, Chaussée de Châtelet, Gilly Charleroi, Belgique → Boulevard de la Dodaine 50, Nivelles, Belgique (2025-08-28)',3,'',18,1,'2025-08-05 10:44:30.133008');
INSERT INTO django_admin_log VALUES(359,'100','nyota.delecourt - Electro-Pièces, Chaussée de Châtelet, Gilly Charleroi, Belgique → Boulevard de la Dodaine 50, Nivelles, Belgique (2025-08-22)',3,'',18,1,'2025-08-05 10:44:30.133027');
INSERT INTO django_admin_log VALUES(360,'99','nyota.delecourt - Electro-Pièces, Chaussée de Châtelet, Gilly Charleroi, Belgique → Boulevard de la Dodaine 50, Nivelles, Belgique (2025-08-21)',3,'',18,1,'2025-08-05 10:44:30.133045');
INSERT INTO django_admin_log VALUES(361,'98','nyota.delecourt - Electro-Pièces, Chaussée de Châtelet, Gilly Charleroi, Belgique → Boulevard de la Dodaine 50, Nivelles, Belgique (2025-08-15)',3,'',18,1,'2025-08-05 10:44:30.133063');
INSERT INTO django_admin_log VALUES(362,'97','nyota.delecourt - Electro-Pièces, Chaussée de Châtelet, Gilly Charleroi, Belgique → Boulevard de la Dodaine 50, Nivelles, Belgique (2025-08-14)',3,'',18,1,'2025-08-05 10:44:30.133082');
INSERT INTO django_admin_log VALUES(363,'96','nyota.delecourt - Electro-Pièces, Chaussée de Châtelet, Gilly Charleroi, Belgique → Boulevard de la Dodaine 50, Nivelles, Belgique (2025-08-08)',3,'',18,1,'2025-08-05 10:44:30.133100');
INSERT INTO django_admin_log VALUES(364,'95','nyota.delecourt - Electro-Pièces, Chaussée de Châtelet, Gilly Charleroi, Belgique → Boulevard de la Dodaine 50, Nivelles, Belgique (2025-08-07)',3,'',18,1,'2025-08-05 10:44:30.133120');
INSERT INTO django_admin_log VALUES(365,'204','nyota.delecourt - Electro-Pièces, Chaussée de Châtelet, Gilly Charleroi, Belgique → Boulevard de la Dodaine, Nivelles, Belgique (2025-09-26)',3,'',18,1,'2025-08-05 10:49:09.553902');
INSERT INTO django_admin_log VALUES(366,'203','nyota.delecourt - Electro-Pièces, Chaussée de Châtelet, Gilly Charleroi, Belgique → Boulevard de la Dodaine, Nivelles, Belgique (2025-09-25)',3,'',18,1,'2025-08-05 10:49:09.553952');
INSERT INTO django_admin_log VALUES(367,'202','nyota.delecourt - Electro-Pièces, Chaussée de Châtelet, Gilly Charleroi, Belgique → Boulevard de la Dodaine, Nivelles, Belgique (2025-09-19)',3,'',18,1,'2025-08-05 10:49:09.553988');
INSERT INTO django_admin_log VALUES(368,'201','nyota.delecourt - Electro-Pièces, Chaussée de Châtelet, Gilly Charleroi, Belgique → Boulevard de la Dodaine, Nivelles, Belgique (2025-09-18)',3,'',18,1,'2025-08-05 10:49:09.554017');
INSERT INTO django_admin_log VALUES(369,'200','nyota.delecourt - Electro-Pièces, Chaussée de Châtelet, Gilly Charleroi, Belgique → Boulevard de la Dodaine, Nivelles, Belgique (2025-09-12)',3,'',18,1,'2025-08-05 10:49:09.554040');
INSERT INTO django_admin_log VALUES(370,'199','nyota.delecourt - Electro-Pièces, Chaussée de Châtelet, Gilly Charleroi, Belgique → Boulevard de la Dodaine, Nivelles, Belgique (2025-09-11)',3,'',18,1,'2025-08-05 10:49:09.554062');
INSERT INTO django_admin_log VALUES(371,'198','nyota.delecourt - Electro-Pièces, Chaussée de Châtelet, Gilly Charleroi, Belgique → Boulevard de la Dodaine, Nivelles, Belgique (2025-09-05)',3,'',18,1,'2025-08-05 10:49:09.554085');
INSERT INTO django_admin_log VALUES(372,'197','nyota.delecourt - Electro-Pièces, Chaussée de Châtelet, Gilly Charleroi, Belgique → Boulevard de la Dodaine, Nivelles, Belgique (2025-09-04)',3,'',18,1,'2025-08-05 10:49:09.554107');
INSERT INTO django_admin_log VALUES(373,'196','nyota.delecourt - Electro-Pièces, Chaussée de Châtelet, Gilly Charleroi, Belgique → Boulevard de la Dodaine, Nivelles, Belgique (2025-08-29)',3,'',18,1,'2025-08-05 10:49:09.554129');
INSERT INTO django_admin_log VALUES(374,'195','nyota.delecourt - Electro-Pièces, Chaussée de Châtelet, Gilly Charleroi, Belgique → Boulevard de la Dodaine, Nivelles, Belgique (2025-08-28)',3,'',18,1,'2025-08-05 10:49:09.554152');
INSERT INTO django_admin_log VALUES(375,'194','nyota.delecourt - Electro-Pièces, Chaussée de Châtelet, Gilly Charleroi, Belgique → Boulevard de la Dodaine, Nivelles, Belgique (2025-08-22)',3,'',18,1,'2025-08-05 10:49:09.554173');
INSERT INTO django_admin_log VALUES(376,'193','nyota.delecourt - Electro-Pièces, Chaussée de Châtelet, Gilly Charleroi, Belgique → Boulevard de la Dodaine, Nivelles, Belgique (2025-08-21)',3,'',18,1,'2025-08-05 10:49:09.554196');
INSERT INTO django_admin_log VALUES(377,'192','nyota.delecourt - Electro-Pièces, Chaussée de Châtelet, Gilly Charleroi, Belgique → Boulevard de la Dodaine, Nivelles, Belgique (2025-08-15)',3,'',18,1,'2025-08-05 10:49:09.554218');
INSERT INTO django_admin_log VALUES(378,'191','nyota.delecourt - Electro-Pièces, Chaussée de Châtelet, Gilly Charleroi, Belgique → Boulevard de la Dodaine, Nivelles, Belgique (2025-08-14)',3,'',18,1,'2025-08-05 10:49:09.554239');
INSERT INTO django_admin_log VALUES(379,'190','nyota.delecourt - Electro-Pièces, Chaussée de Châtelet, Gilly Charleroi, Belgique → Boulevard de la Dodaine, Nivelles, Belgique (2025-08-08)',3,'',18,1,'2025-08-05 10:49:09.554260');
INSERT INTO django_admin_log VALUES(380,'189','nyota.delecourt - Electro-Pièces, Chaussée de Châtelet, Gilly Charleroi, Belgique → Boulevard de la Dodaine, Nivelles, Belgique (2025-08-07)',3,'',18,1,'2025-08-05 10:49:09.554288');
INSERT INTO django_admin_log VALUES(381,'76','LucaAdmin - (2025-09-19) - Electro-Pièces, Chaussée de Châtelet, Gilly Charleroi, Belgique → Crèche Communale de Nivelles, Boulevard de la Dodaine, Nivelles, Belgique',3,'',20,1,'2025-08-05 10:51:18.053384');
INSERT INTO django_admin_log VALUES(382,'75','LucaAdmin - (2025-09-18) - Electro-Pièces, Chaussée de Châtelet, Gilly Charleroi, Belgique → Crèche Communale de Nivelles, Boulevard de la Dodaine, Nivelles, Belgique',3,'',20,1,'2025-08-05 10:51:18.053436');
INSERT INTO django_admin_log VALUES(383,'74','LucaAdmin - (2025-09-05) - Electro-Pièces, Chaussée de Châtelet, Gilly Charleroi, Belgique → Crèche Communale de Nivelles, Boulevard de la Dodaine, Nivelles, Belgique',3,'',20,1,'2025-08-05 10:51:18.053464');
INSERT INTO django_admin_log VALUES(384,'73','LucaAdmin - (2025-09-04) - Electro-Pièces, Chaussée de Châtelet, Gilly Charleroi, Belgique → Crèche Communale de Nivelles, Boulevard de la Dodaine, Nivelles, Belgique',3,'',20,1,'2025-08-05 10:51:18.053487');
INSERT INTO django_admin_log VALUES(385,'72','LucaAdmin - (2025-08-22) - Electro-Pièces, Chaussée de Châtelet, Gilly Charleroi, Belgique → Crèche Communale de Nivelles, Boulevard de la Dodaine, Nivelles, Belgique',3,'',20,1,'2025-08-05 10:51:18.053510');
INSERT INTO django_admin_log VALUES(386,'71','LucaAdmin - (2025-08-21) - Electro-Pièces, Chaussée de Châtelet, Gilly Charleroi, Belgique → Crèche Communale de Nivelles, Boulevard de la Dodaine, Nivelles, Belgique',3,'',20,1,'2025-08-05 10:51:18.053533');
INSERT INTO django_admin_log VALUES(387,'70','LucaAdmin - (2025-08-08) - Electro-Pièces, Chaussée de Châtelet, Gilly Charleroi, Belgique → Crèche Communale de Nivelles, Boulevard de la Dodaine, Nivelles, Belgique',3,'',20,1,'2025-08-05 10:51:18.053555');
INSERT INTO django_admin_log VALUES(388,'69','LucaAdmin - (2025-08-07) - Electro-Pièces, Chaussée de Châtelet, Gilly Charleroi, Belgique → Crèche Communale de Nivelles, Boulevard de la Dodaine, Nivelles, Belgique',3,'',20,1,'2025-08-05 10:51:18.053577');
INSERT INTO django_admin_log VALUES(389,'92','nyota.delecourt - (2025-09-26) - Electro-Pièces, Chaussée de Châtelet, Gilly Charleroi, Belgique → Boulevard de la Dodaine, Nivelles, Belgique',3,'',20,1,'2025-08-05 10:59:19.693923');
INSERT INTO django_admin_log VALUES(390,'91','nyota.delecourt - (2025-09-25) - Electro-Pièces, Chaussée de Châtelet, Gilly Charleroi, Belgique → Boulevard de la Dodaine, Nivelles, Belgique',3,'',20,1,'2025-08-05 10:59:19.693979');
INSERT INTO django_admin_log VALUES(391,'90','nyota.delecourt - (2025-09-19) - Electro-Pièces, Chaussée de Châtelet, Gilly Charleroi, Belgique → Boulevard de la Dodaine, Nivelles, Belgique',3,'',20,1,'2025-08-05 10:59:19.694011');
INSERT INTO django_admin_log VALUES(392,'89','nyota.delecourt - (2025-09-18) - Electro-Pièces, Chaussée de Châtelet, Gilly Charleroi, Belgique → Boulevard de la Dodaine, Nivelles, Belgique',3,'',20,1,'2025-08-05 10:59:19.694037');
INSERT INTO django_admin_log VALUES(393,'88','nyota.delecourt - (2025-09-12) - Electro-Pièces, Chaussée de Châtelet, Gilly Charleroi, Belgique → Boulevard de la Dodaine, Nivelles, Belgique',3,'',20,1,'2025-08-05 10:59:19.694060');
INSERT INTO django_admin_log VALUES(394,'87','nyota.delecourt - (2025-09-11) - Electro-Pièces, Chaussée de Châtelet, Gilly Charleroi, Belgique → Boulevard de la Dodaine, Nivelles, Belgique',3,'',20,1,'2025-08-05 10:59:19.694082');
INSERT INTO django_admin_log VALUES(395,'86','nyota.delecourt - (2025-09-05) - Electro-Pièces, Chaussée de Châtelet, Gilly Charleroi, Belgique → Boulevard de la Dodaine, Nivelles, Belgique',3,'',20,1,'2025-08-05 10:59:19.694103');
INSERT INTO django_admin_log VALUES(396,'85','nyota.delecourt - (2025-09-04) - Electro-Pièces, Chaussée de Châtelet, Gilly Charleroi, Belgique → Boulevard de la Dodaine, Nivelles, Belgique',3,'',20,1,'2025-08-05 10:59:19.694123');
INSERT INTO django_admin_log VALUES(397,'84','nyota.delecourt - (2025-08-29) - Electro-Pièces, Chaussée de Châtelet, Gilly Charleroi, Belgique → Boulevard de la Dodaine, Nivelles, Belgique',3,'',20,1,'2025-08-05 10:59:19.694143');
INSERT INTO django_admin_log VALUES(398,'83','nyota.delecourt - (2025-08-28) - Electro-Pièces, Chaussée de Châtelet, Gilly Charleroi, Belgique → Boulevard de la Dodaine, Nivelles, Belgique',3,'',20,1,'2025-08-05 10:59:19.694163');
INSERT INTO django_admin_log VALUES(399,'82','nyota.delecourt - (2025-08-22) - Electro-Pièces, Chaussée de Châtelet, Gilly Charleroi, Belgique → Boulevard de la Dodaine, Nivelles, Belgique',3,'',20,1,'2025-08-05 10:59:19.694183');
INSERT INTO django_admin_log VALUES(400,'81','nyota.delecourt - (2025-08-21) - Electro-Pièces, Chaussée de Châtelet, Gilly Charleroi, Belgique → Boulevard de la Dodaine, Nivelles, Belgique',3,'',20,1,'2025-08-05 10:59:19.694205');
INSERT INTO django_admin_log VALUES(401,'80','nyota.delecourt - (2025-08-15) - Electro-Pièces, Chaussée de Châtelet, Gilly Charleroi, Belgique → Boulevard de la Dodaine, Nivelles, Belgique',3,'',20,1,'2025-08-05 10:59:19.694225');
INSERT INTO django_admin_log VALUES(402,'79','nyota.delecourt - (2025-08-14) - Electro-Pièces, Chaussée de Châtelet, Gilly Charleroi, Belgique → Boulevard de la Dodaine, Nivelles, Belgique',3,'',20,1,'2025-08-05 10:59:19.694246');
INSERT INTO django_admin_log VALUES(403,'78','nyota.delecourt - (2025-08-08) - Electro-Pièces, Chaussée de Châtelet, Gilly Charleroi, Belgique → Boulevard de la Dodaine, Nivelles, Belgique',3,'',20,1,'2025-08-05 10:59:19.694265');
INSERT INTO django_admin_log VALUES(404,'77','nyota.delecourt - (2025-08-07) - Electro-Pièces, Chaussée de Châtelet, Gilly Charleroi, Belgique → Boulevard de la Dodaine, Nivelles, Belgique',3,'',20,1,'2025-08-05 10:59:19.694285');
INSERT INTO django_admin_log VALUES(405,'216','LucaAdmin - Electro-Pièces, Chaussée de Châtelet, Gilly Charleroi, Belgique → Crèche Communale de Nivelles, Boulevard de la Dodaine, Nivelles, Belgique (2025-09-20)',3,'',18,1,'2025-08-05 10:59:26.133268');
INSERT INTO django_admin_log VALUES(406,'215','LucaAdmin - Electro-Pièces, Chaussée de Châtelet, Gilly Charleroi, Belgique → Crèche Communale de Nivelles, Boulevard de la Dodaine, Nivelles, Belgique (2025-09-19)',3,'',18,1,'2025-08-05 10:59:26.133319');
INSERT INTO django_admin_log VALUES(407,'214','LucaAdmin - Electro-Pièces, Chaussée de Châtelet, Gilly Charleroi, Belgique → Crèche Communale de Nivelles, Boulevard de la Dodaine, Nivelles, Belgique (2025-09-18)',3,'',18,1,'2025-08-05 10:59:26.133347');
INSERT INTO django_admin_log VALUES(408,'213','LucaAdmin - Electro-Pièces, Chaussée de Châtelet, Gilly Charleroi, Belgique → Crèche Communale de Nivelles, Boulevard de la Dodaine, Nivelles, Belgique (2025-09-06)',3,'',18,1,'2025-08-05 10:59:26.133370');
INSERT INTO django_admin_log VALUES(409,'212','LucaAdmin - Electro-Pièces, Chaussée de Châtelet, Gilly Charleroi, Belgique → Crèche Communale de Nivelles, Boulevard de la Dodaine, Nivelles, Belgique (2025-09-05)',3,'',18,1,'2025-08-05 10:59:26.133393');
INSERT INTO django_admin_log VALUES(410,'211','LucaAdmin - Electro-Pièces, Chaussée de Châtelet, Gilly Charleroi, Belgique → Crèche Communale de Nivelles, Boulevard de la Dodaine, Nivelles, Belgique (2025-09-04)',3,'',18,1,'2025-08-05 10:59:26.133414');
INSERT INTO django_admin_log VALUES(411,'210','LucaAdmin - Electro-Pièces, Chaussée de Châtelet, Gilly Charleroi, Belgique → Crèche Communale de Nivelles, Boulevard de la Dodaine, Nivelles, Belgique (2025-08-23)',3,'',18,1,'2025-08-05 10:59:26.133436');
INSERT INTO django_admin_log VALUES(412,'209','LucaAdmin - Electro-Pièces, Chaussée de Châtelet, Gilly Charleroi, Belgique → Crèche Communale de Nivelles, Boulevard de la Dodaine, Nivelles, Belgique (2025-08-22)',3,'',18,1,'2025-08-05 10:59:26.133457');
INSERT INTO django_admin_log VALUES(413,'208','LucaAdmin - Electro-Pièces, Chaussée de Châtelet, Gilly Charleroi, Belgique → Crèche Communale de Nivelles, Boulevard de la Dodaine, Nivelles, Belgique (2025-08-21)',3,'',18,1,'2025-08-05 10:59:26.133477');
INSERT INTO django_admin_log VALUES(414,'207','LucaAdmin - Electro-Pièces, Chaussée de Châtelet, Gilly Charleroi, Belgique → Crèche Communale de Nivelles, Boulevard de la Dodaine, Nivelles, Belgique (2025-08-09)',3,'',18,1,'2025-08-05 10:59:26.133498');
INSERT INTO django_admin_log VALUES(415,'206','LucaAdmin - Electro-Pièces, Chaussée de Châtelet, Gilly Charleroi, Belgique → Crèche Communale de Nivelles, Boulevard de la Dodaine, Nivelles, Belgique (2025-08-08)',3,'',18,1,'2025-08-05 10:59:26.133521');
INSERT INTO django_admin_log VALUES(416,'205','LucaAdmin - Electro-Pièces, Chaussée de Châtelet, Gilly Charleroi, Belgique → Crèche Communale de Nivelles, Boulevard de la Dodaine, Nivelles, Belgique (2025-08-07)',3,'',18,1,'2025-08-05 10:59:26.133541');
INSERT INTO django_admin_log VALUES(417,'6','NyotaTestOne — None - Actif',1,'[{"added": {}}]',24,1,'2025-08-05 11:05:58.396300');
INSERT INTO django_admin_log VALUES(418,'6','nyota.delecourt — None - Actif',2,'[{"changed": {"fields": ["User"]}}]',24,1,'2025-08-05 11:09:07.614363');
INSERT INTO django_admin_log VALUES(419,'100','nyota.delecourt - (2025-08-29) - Electro-Pièces, Chaussée de Châtelet, Gilly Charleroi, Belgique → Boulevard de la Dodaine, Nivelles, Belgique',3,'',20,1,'2025-08-05 11:09:35.185669');
INSERT INTO django_admin_log VALUES(420,'99','nyota.delecourt - (2025-08-28) - Electro-Pièces, Chaussée de Châtelet, Gilly Charleroi, Belgique → Boulevard de la Dodaine, Nivelles, Belgique',3,'',20,1,'2025-08-05 11:09:35.185742');
INSERT INTO django_admin_log VALUES(421,'98','nyota.delecourt - (2025-08-22) - Electro-Pièces, Chaussée de Châtelet, Gilly Charleroi, Belgique → Boulevard de la Dodaine, Nivelles, Belgique',3,'',20,1,'2025-08-05 11:09:35.185772');
INSERT INTO django_admin_log VALUES(422,'97','nyota.delecourt - (2025-08-21) - Electro-Pièces, Chaussée de Châtelet, Gilly Charleroi, Belgique → Boulevard de la Dodaine, Nivelles, Belgique',3,'',20,1,'2025-08-05 11:09:35.185798');
INSERT INTO django_admin_log VALUES(423,'96','nyota.delecourt - (2025-08-15) - Electro-Pièces, Chaussée de Châtelet, Gilly Charleroi, Belgique → Boulevard de la Dodaine, Nivelles, Belgique',3,'',20,1,'2025-08-05 11:09:35.185822');
INSERT INTO django_admin_log VALUES(424,'95','nyota.delecourt - (2025-08-14) - Electro-Pièces, Chaussée de Châtelet, Gilly Charleroi, Belgique → Boulevard de la Dodaine, Nivelles, Belgique',3,'',20,1,'2025-08-05 11:09:35.185845');
INSERT INTO django_admin_log VALUES(425,'94','nyota.delecourt - (2025-08-08) - Electro-Pièces, Chaussée de Châtelet, Gilly Charleroi, Belgique → Boulevard de la Dodaine, Nivelles, Belgique',3,'',20,1,'2025-08-05 11:09:35.185866');
INSERT INTO django_admin_log VALUES(426,'93','nyota.delecourt - (2025-08-07) - Electro-Pièces, Chaussée de Châtelet, Gilly Charleroi, Belgique → Boulevard de la Dodaine, Nivelles, Belgique',3,'',20,1,'2025-08-05 11:09:35.185887');
INSERT INTO django_admin_log VALUES(427,'2','LucaPro',2,'[{"changed": {"fields": ["Ci is verified", "Prfl is verified"]}}]',9,1,'2025-08-05 11:13:39.110623');
INSERT INTO django_admin_log VALUES(428,'8','nyota.delecourt',2,'[{"changed": {"fields": ["Email address"]}}]',4,1,'2025-08-05 11:18:24.612348');
INSERT INTO django_admin_log VALUES(429,'1','LucaAdmin',2,'[{"changed": {"fields": ["Email address"]}}]',4,1,'2025-08-05 11:19:09.742763');
INSERT INTO django_admin_log VALUES(430,'2','LucaPro',2,'[{"changed": {"fields": ["Email address"]}}]',4,1,'2025-08-05 11:19:19.684025');
INSERT INTO django_admin_log VALUES(431,'2','LucaPro',2,'[{"changed": {"fields": ["Email address"]}}]',4,1,'2025-08-05 11:23:27.526724');
INSERT INTO django_admin_log VALUES(432,'108','nyota.delecourt - (2025-08-29) - Electro-Pièces, Chaussée de Châtelet, Gilly Charleroi, Belgique → Boulevard de la Dodaine, Nivelles, Belgique',3,'',20,1,'2025-08-05 11:27:35.463960');
INSERT INTO django_admin_log VALUES(433,'107','nyota.delecourt - (2025-08-28) - Electro-Pièces, Chaussée de Châtelet, Gilly Charleroi, Belgique → Boulevard de la Dodaine, Nivelles, Belgique',3,'',20,1,'2025-08-05 11:27:35.464013');
INSERT INTO django_admin_log VALUES(434,'106','nyota.delecourt - (2025-08-22) - Electro-Pièces, Chaussée de Châtelet, Gilly Charleroi, Belgique → Boulevard de la Dodaine, Nivelles, Belgique',3,'',20,1,'2025-08-05 11:27:35.464041');
INSERT INTO django_admin_log VALUES(435,'105','nyota.delecourt - (2025-08-21) - Electro-Pièces, Chaussée de Châtelet, Gilly Charleroi, Belgique → Boulevard de la Dodaine, Nivelles, Belgique',3,'',20,1,'2025-08-05 11:27:35.464065');
INSERT INTO django_admin_log VALUES(436,'104','nyota.delecourt - (2025-08-15) - Electro-Pièces, Chaussée de Châtelet, Gilly Charleroi, Belgique → Boulevard de la Dodaine, Nivelles, Belgique',3,'',20,1,'2025-08-05 11:27:35.464086');
INSERT INTO django_admin_log VALUES(437,'103','nyota.delecourt - (2025-08-14) - Electro-Pièces, Chaussée de Châtelet, Gilly Charleroi, Belgique → Boulevard de la Dodaine, Nivelles, Belgique',3,'',20,1,'2025-08-05 11:27:35.464107');
INSERT INTO django_admin_log VALUES(438,'102','nyota.delecourt - (2025-08-08) - Electro-Pièces, Chaussée de Châtelet, Gilly Charleroi, Belgique → Boulevard de la Dodaine, Nivelles, Belgique',3,'',20,1,'2025-08-05 11:27:35.464128');
INSERT INTO django_admin_log VALUES(439,'101','nyota.delecourt - (2025-08-07) - Electro-Pièces, Chaussée de Châtelet, Gilly Charleroi, Belgique → Boulevard de la Dodaine, Nivelles, Belgique',3,'',20,1,'2025-08-05 11:27:35.464162');
INSERT INTO django_admin_log VALUES(440,'1','LucaAdmin',2,'[{"changed": {"fields": ["Ci is verified", "Verified address"]}}]',9,1,'2025-08-05 21:13:34.080399');
INSERT INTO django_admin_log VALUES(441,'1','LucaAdmin',2,'[{"changed": {"fields": ["Ci is verified"]}}]',9,1,'2025-08-05 21:21:03.011727');
CREATE TABLE IF NOT EXISTS "django_content_type" ("id" integer NOT NULL PRIMARY KEY AUTOINCREMENT, "app_label" varchar(100) NOT NULL, "model" varchar(100) NOT NULL);
INSERT INTO django_content_type VALUES(1,'admin','logentry');
INSERT INTO django_content_type VALUES(2,'auth','permission');
INSERT INTO django_content_type VALUES(3,'auth','group');
INSERT INTO django_content_type VALUES(4,'auth','user');
INSERT INTO django_content_type VALUES(5,'contenttypes','contenttype');
INSERT INTO django_content_type VALUES(6,'sessions','session');
INSERT INTO django_content_type VALUES(7,'accounts','languages');
INSERT INTO django_content_type VALUES(8,'accounts','child');
INSERT INTO django_content_type VALUES(9,'accounts','profile');
INSERT INTO django_content_type VALUES(10,'accounts','review');
INSERT INTO django_content_type VALUES(11,'account','emailaddress');
INSERT INTO django_content_type VALUES(12,'account','emailconfirmation');
INSERT INTO django_content_type VALUES(13,'socialaccount','socialaccount');
INSERT INTO django_content_type VALUES(14,'socialaccount','socialapp');
INSERT INTO django_content_type VALUES(15,'socialaccount','socialtoken');
INSERT INTO django_content_type VALUES(16,'trajects','traject');
INSERT INTO django_content_type VALUES(17,'trajects','transportmode');
INSERT INTO django_content_type VALUES(18,'trajects','proposedtraject');
INSERT INTO django_content_type VALUES(19,'trajects','reservation');
INSERT INTO django_content_type VALUES(20,'trajects','researchedtraject');
INSERT INTO django_content_type VALUES(21,'strip','userpayement');
INSERT INTO django_content_type VALUES(22,'strip','subscription');
INSERT INTO django_content_type VALUES(23,'stripe','subscription');
INSERT INTO django_content_type VALUES(24,'stripe_sub','subscription');
INSERT INTO django_content_type VALUES(25,'bug_tracker','component');
INSERT INTO django_content_type VALUES(26,'bug_tracker','environment');
INSERT INTO django_content_type VALUES(27,'bug_tracker','version');
INSERT INTO django_content_type VALUES(28,'bug_tracker','bug');
INSERT INTO django_content_type VALUES(29,'bug_tracker','bugattachment');
INSERT INTO django_content_type VALUES(30,'bug_tracker','bugcomment');
INSERT INTO django_content_type VALUES(31,'bug_tracker','bughistory');
INSERT INTO django_content_type VALUES(32,'bana_admin','inscriptionvalidation');
CREATE TABLE IF NOT EXISTS "auth_permission" ("id" integer NOT NULL PRIMARY KEY AUTOINCREMENT, "content_type_id" integer NOT NULL REFERENCES "django_content_type" ("id") DEFERRABLE INITIALLY DEFERRED, "codename" varchar(100) NOT NULL, "name" varchar(255) NOT NULL);
INSERT INTO auth_permission VALUES(1,1,'add_logentry','Can add log entry');
INSERT INTO auth_permission VALUES(2,1,'change_logentry','Can change log entry');
INSERT INTO auth_permission VALUES(3,1,'delete_logentry','Can delete log entry');
INSERT INTO auth_permission VALUES(4,1,'view_logentry','Can view log entry');
INSERT INTO auth_permission VALUES(5,2,'add_permission','Can add permission');
INSERT INTO auth_permission VALUES(6,2,'change_permission','Can change permission');
INSERT INTO auth_permission VALUES(7,2,'delete_permission','Can delete permission');
INSERT INTO auth_permission VALUES(8,2,'view_permission','Can view permission');
INSERT INTO auth_permission VALUES(9,3,'add_group','Can add group');
INSERT INTO auth_permission VALUES(10,3,'change_group','Can change group');
INSERT INTO auth_permission VALUES(11,3,'delete_group','Can delete group');
INSERT INTO auth_permission VALUES(12,3,'view_group','Can view group');
INSERT INTO auth_permission VALUES(13,4,'add_user','Can add user');
INSERT INTO auth_permission VALUES(14,4,'change_user','Can change user');
INSERT INTO auth_permission VALUES(15,4,'delete_user','Can delete user');
INSERT INTO auth_permission VALUES(16,4,'view_user','Can view user');
INSERT INTO auth_permission VALUES(17,5,'add_contenttype','Can add content type');
INSERT INTO auth_permission VALUES(18,5,'change_contenttype','Can change content type');
INSERT INTO auth_permission VALUES(19,5,'delete_contenttype','Can delete content type');
INSERT INTO auth_permission VALUES(20,5,'view_contenttype','Can view content type');
INSERT INTO auth_permission VALUES(21,6,'add_session','Can add session');
INSERT INTO auth_permission VALUES(22,6,'change_session','Can change session');
INSERT INTO auth_permission VALUES(23,6,'delete_session','Can delete session');
INSERT INTO auth_permission VALUES(24,6,'view_session','Can view session');
INSERT INTO auth_permission VALUES(25,7,'add_languages','Can add languages');
INSERT INTO auth_permission VALUES(26,7,'change_languages','Can change languages');
INSERT INTO auth_permission VALUES(27,7,'delete_languages','Can delete languages');
INSERT INTO auth_permission VALUES(28,7,'view_languages','Can view languages');
INSERT INTO auth_permission VALUES(29,8,'add_child','Can add child');
INSERT INTO auth_permission VALUES(30,8,'change_child','Can change child');
INSERT INTO auth_permission VALUES(31,8,'delete_child','Can delete child');
INSERT INTO auth_permission VALUES(32,8,'view_child','Can view child');
INSERT INTO auth_permission VALUES(33,9,'add_profile','Can add profile');
INSERT INTO auth_permission VALUES(34,9,'change_profile','Can change profile');
INSERT INTO auth_permission VALUES(35,9,'delete_profile','Can delete profile');
INSERT INTO auth_permission VALUES(36,9,'view_profile','Can view profile');
INSERT INTO auth_permission VALUES(37,10,'add_review','Can add review');
INSERT INTO auth_permission VALUES(38,10,'change_review','Can change review');
INSERT INTO auth_permission VALUES(39,10,'delete_review','Can delete review');
INSERT INTO auth_permission VALUES(40,10,'view_review','Can view review');
INSERT INTO auth_permission VALUES(41,11,'add_emailaddress','Can add email address');
INSERT INTO auth_permission VALUES(42,11,'change_emailaddress','Can change email address');
INSERT INTO auth_permission VALUES(43,11,'delete_emailaddress','Can delete email address');
INSERT INTO auth_permission VALUES(44,11,'view_emailaddress','Can view email address');
INSERT INTO auth_permission VALUES(45,12,'add_emailconfirmation','Can add email confirmation');
INSERT INTO auth_permission VALUES(46,12,'change_emailconfirmation','Can change email confirmation');
INSERT INTO auth_permission VALUES(47,12,'delete_emailconfirmation','Can delete email confirmation');
INSERT INTO auth_permission VALUES(48,12,'view_emailconfirmation','Can view email confirmation');
INSERT INTO auth_permission VALUES(49,13,'add_socialaccount','Can add social account');
INSERT INTO auth_permission VALUES(50,13,'change_socialaccount','Can change social account');
INSERT INTO auth_permission VALUES(51,13,'delete_socialaccount','Can delete social account');
INSERT INTO auth_permission VALUES(52,13,'view_socialaccount','Can view social account');
INSERT INTO auth_permission VALUES(53,14,'add_socialapp','Can add social application');
INSERT INTO auth_permission VALUES(54,14,'change_socialapp','Can change social application');
INSERT INTO auth_permission VALUES(55,14,'delete_socialapp','Can delete social application');
INSERT INTO auth_permission VALUES(56,14,'view_socialapp','Can view social application');
INSERT INTO auth_permission VALUES(57,15,'add_socialtoken','Can add social application token');
INSERT INTO auth_permission VALUES(58,15,'change_socialtoken','Can change social application token');
INSERT INTO auth_permission VALUES(59,15,'delete_socialtoken','Can delete social application token');
INSERT INTO auth_permission VALUES(60,15,'view_socialtoken','Can view social application token');
INSERT INTO auth_permission VALUES(61,16,'add_traject','Can add traject');
INSERT INTO auth_permission VALUES(62,16,'change_traject','Can change traject');
INSERT INTO auth_permission VALUES(63,16,'delete_traject','Can delete traject');
INSERT INTO auth_permission VALUES(64,16,'view_traject','Can view traject');
INSERT INTO auth_permission VALUES(65,17,'add_transportmode','Can add transport mode');
INSERT INTO auth_permission VALUES(66,17,'change_transportmode','Can change transport mode');
INSERT INTO auth_permission VALUES(67,17,'delete_transportmode','Can delete transport mode');
INSERT INTO auth_permission VALUES(68,17,'view_transportmode','Can view transport mode');
INSERT INTO auth_permission VALUES(69,18,'add_proposedtraject','Can add proposed traject');
INSERT INTO auth_permission VALUES(70,18,'change_proposedtraject','Can change proposed traject');
INSERT INTO auth_permission VALUES(71,18,'delete_proposedtraject','Can delete proposed traject');
INSERT INTO auth_permission VALUES(72,18,'view_proposedtraject','Can view proposed traject');
INSERT INTO auth_permission VALUES(73,19,'add_reservation','Can add reservation');
INSERT INTO auth_permission VALUES(74,19,'change_reservation','Can change reservation');
INSERT INTO auth_permission VALUES(75,19,'delete_reservation','Can delete reservation');
INSERT INTO auth_permission VALUES(76,19,'view_reservation','Can view reservation');
INSERT INTO auth_permission VALUES(77,20,'add_researchedtraject','Can add researched traject');
INSERT INTO auth_permission VALUES(78,20,'change_researchedtraject','Can change researched traject');
INSERT INTO auth_permission VALUES(79,20,'delete_researchedtraject','Can delete researched traject');
INSERT INTO auth_permission VALUES(80,20,'view_researchedtraject','Can view researched traject');
INSERT INTO auth_permission VALUES(81,21,'add_userpayement','Can add user payement');
INSERT INTO auth_permission VALUES(82,21,'change_userpayement','Can change user payement');
INSERT INTO auth_permission VALUES(83,21,'delete_userpayement','Can delete user payement');
INSERT INTO auth_permission VALUES(84,21,'view_userpayement','Can view user payement');
INSERT INTO auth_permission VALUES(85,22,'add_subscription','Can add subscription');
INSERT INTO auth_permission VALUES(86,22,'change_subscription','Can change subscription');
INSERT INTO auth_permission VALUES(87,22,'delete_subscription','Can delete subscription');
INSERT INTO auth_permission VALUES(88,22,'view_subscription','Can view subscription');
INSERT INTO auth_permission VALUES(89,23,'add_subscription','Can add subscription');
INSERT INTO auth_permission VALUES(90,23,'change_subscription','Can change subscription');
INSERT INTO auth_permission VALUES(91,23,'delete_subscription','Can delete subscription');
INSERT INTO auth_permission VALUES(92,23,'view_subscription','Can view subscription');
INSERT INTO auth_permission VALUES(93,24,'add_subscription','Can add subscription');
INSERT INTO auth_permission VALUES(94,24,'change_subscription','Can change subscription');
INSERT INTO auth_permission VALUES(95,24,'delete_subscription','Can delete subscription');
INSERT INTO auth_permission VALUES(96,24,'view_subscription','Can view subscription');
INSERT INTO auth_permission VALUES(97,25,'add_component','Can add component');
INSERT INTO auth_permission VALUES(98,25,'change_component','Can change component');
INSERT INTO auth_permission VALUES(99,25,'delete_component','Can delete component');
INSERT INTO auth_permission VALUES(100,25,'view_component','Can view component');
INSERT INTO auth_permission VALUES(101,26,'add_environment','Can add environment');
INSERT INTO auth_permission VALUES(102,26,'change_environment','Can change environment');
INSERT INTO auth_permission VALUES(103,26,'delete_environment','Can delete environment');
INSERT INTO auth_permission VALUES(104,26,'view_environment','Can view environment');
INSERT INTO auth_permission VALUES(105,27,'add_version','Can add version');
INSERT INTO auth_permission VALUES(106,27,'change_version','Can change version');
INSERT INTO auth_permission VALUES(107,27,'delete_version','Can delete version');
INSERT INTO auth_permission VALUES(108,27,'view_version','Can view version');
INSERT INTO auth_permission VALUES(109,28,'add_bug','Can add bug');
INSERT INTO auth_permission VALUES(110,28,'change_bug','Can change bug');
INSERT INTO auth_permission VALUES(111,28,'delete_bug','Can delete bug');
INSERT INTO auth_permission VALUES(112,28,'view_bug','Can view bug');
INSERT INTO auth_permission VALUES(113,29,'add_bugattachment','Can add bug attachment');
INSERT INTO auth_permission VALUES(114,29,'change_bugattachment','Can change bug attachment');
INSERT INTO auth_permission VALUES(115,29,'delete_bugattachment','Can delete bug attachment');
INSERT INTO auth_permission VALUES(116,29,'view_bugattachment','Can view bug attachment');
INSERT INTO auth_permission VALUES(117,30,'add_bugcomment','Can add bug comment');
INSERT INTO auth_permission VALUES(118,30,'change_bugcomment','Can change bug comment');
INSERT INTO auth_permission VALUES(119,30,'delete_bugcomment','Can delete bug comment');
INSERT INTO auth_permission VALUES(120,30,'view_bugcomment','Can view bug comment');
INSERT INTO auth_permission VALUES(121,31,'add_bughistory','Can add bug history');
INSERT INTO auth_permission VALUES(122,31,'change_bughistory','Can change bug history');
INSERT INTO auth_permission VALUES(123,31,'delete_bughistory','Can delete bug history');
INSERT INTO auth_permission VALUES(124,31,'view_bughistory','Can view bug history');
INSERT INTO auth_permission VALUES(125,32,'add_inscriptionvalidation','Can add Demande de Validation d''Inscription');
INSERT INTO auth_permission VALUES(126,32,'change_inscriptionvalidation','Can change Demande de Validation d''Inscription');
INSERT INTO auth_permission VALUES(127,32,'delete_inscriptionvalidation','Can delete Demande de Validation d''Inscription');
INSERT INTO auth_permission VALUES(128,32,'view_inscriptionvalidation','Can view Demande de Validation d''Inscription');
CREATE TABLE IF NOT EXISTS "auth_group" ("id" integer NOT NULL PRIMARY KEY AUTOINCREMENT, "name" varchar(150) NOT NULL UNIQUE);
CREATE TABLE IF NOT EXISTS "auth_user" ("id" integer NOT NULL PRIMARY KEY AUTOINCREMENT, "password" varchar(128) NOT NULL, "last_login" datetime NULL, "is_superuser" bool NOT NULL, "username" varchar(150) NOT NULL UNIQUE, "last_name" varchar(150) NOT NULL, "email" varchar(254) NOT NULL, "is_staff" bool NOT NULL, "is_active" bool NOT NULL, "date_joined" datetime NOT NULL, "first_name" varchar(150) NOT NULL);
INSERT INTO auth_user VALUES(1,'pbkdf2_sha256$870000$B5qXvTXWbQOGYtLLPHjixG$nm/UBofgbWx4qErupYWRDpVu6GUY0Q7zRPX52Pg9WcQ=','2025-08-04 20:59:25',1,'LucaAdmin','Cami','lucacamilleri55@gmail.com',1,1,'2025-07-25 11:03:37','Luca');
INSERT INTO auth_user VALUES(2,'pbkdf2_sha256$870000$2bYHvI0ZdyXN1DSrjLpjOC$DfaDR1O6LV7M6Kk5wRVJYKcsIcj2DgDGtcigJTn9yv0=','2025-08-05 09:37:45',1,'LucaPro','Camilleri','lucacamilleri55+1@gmail.com',1,1,'2025-07-25 11:11:55','Luca');
INSERT INTO auth_user VALUES(3,'pbkdf2_sha256$870000$4WSOWixrN22YkOFkoslVSB$i+l1lLUb2aOOPvzvEjqjncZFJ53gwWNr9aFDQaeZhOQ=','2025-07-31 11:44:46.156904',1,'lucacamilleri55+2','Sam','lucacamilleri55+2@gmail.com',1,1,'2025-07-25 11:32:30','Sam');
INSERT INTO auth_user VALUES(4,'pbkdf2_sha256$870000$npeEpDxro5QzidlhHPni2q$1UiPORfThMKUY8iIViUhdx6nrfuaWUkst37m9Kb5F0E=','2025-08-04 14:12:06.149325',0,'rj','','rj@digit-up.be',0,1,'2025-07-25 13:12:18.522935','');
INSERT INTO auth_user VALUES(5,'pbkdf2_sha256$870000$HRmFuEBXBLFitul1DHWyAp$kHm1xBhttvBWOXpsvqqc8XqP41ebCLuBzIWTkM00sW0=','2025-08-04 14:22:59.396272',1,'BanaAdmin','Admin','banaadmin@gmail.com',1,1,'2025-07-25 13:23:02','Bana');
INSERT INTO auth_user VALUES(6,'pbkdf2_sha256$870000$CCJL82WotAJg4pnQdYsCcR$wPvzVGs4pKrziT2SFgh5Da3rc2ThBN+HbJ/qiKU5KPw=',NULL,0,'NyotaTestOne','','',0,1,'2025-08-04 09:16:18.181992','');
INSERT INTO auth_user VALUES(7,'pbkdf2_sha256$870000$GiGcvceoOyjdozH7Q4PwZX$iSev4fQ9yklqROmBTJxS4eBtj9h1ikNakIEuKevpDNg=',NULL,0,'lucacamilleri55+3','','lucacamilleri55+3@gmail.com',0,1,'2025-08-04 09:16:39.845205','');
INSERT INTO auth_user VALUES(8,'pbkdf2_sha256$870000$vJ2cnUXh3LueToMWk9Cyab$evW//a0i+1HaMq2aHFzXRpwOdTa/3JUvtXWz0OJN3qE=','2025-08-04 09:22:03',1,'nyota.delecourt','Delecourt','nyota.delecourt@gmail.com',1,1,'2025-08-04 09:17:27','Nyota');
INSERT INTO auth_user VALUES(9,'pbkdf2_sha256$870000$lqlmH9NZMVTMxoZhzkU2jU$zA2VTS1dqy43eRopnuF9ATfTtFAAONBw2FdS4OSZFQ4=',NULL,0,'lambda_john.doe','Doe','john.doe@example.com',0,1,'2025-08-04 10:03:25.440026','John');
INSERT INTO auth_user VALUES(10,'pbkdf2_sha256$870000$vTo0kueNPibFO0hh8dM7a1$EZti0h7Lu/Tm35xcC4SDEdDvenURm1MDhZOCqXzmXS4=',NULL,0,'lambda_jane.smith','Smith','jane.smith@example.com',0,1,'2025-08-04 10:03:26.255601','Jane');
INSERT INTO auth_user VALUES(11,'pbkdf2_sha256$870000$ITAKLuUSnkIXkwObLabbx9$rjT4sUe+gdDb8p5mPMPSBAz9BudeBDg0+RTR736DmPU=',NULL,0,'lambda_peter.jones','Jones','peter.jones@example.com',0,1,'2025-08-04 10:03:27.007652','Peter');
INSERT INTO auth_user VALUES(12,'pbkdf2_sha256$870000$6PbTXb8N9OU4ZlDDRV0Ywb$HKlUngi9twniNDIH2ByAJnywi404/Rnx2eDaNO0O0qk=',NULL,0,'lambda_susan.brown','Brown','susan.brown@example.com',0,1,'2025-08-04 10:03:27.774292','Susan');
INSERT INTO auth_user VALUES(13,'pbkdf2_sha256$870000$qmVtxUvrkSueudwsLluquu$dMTy+bOfId3B5LfD3BvmzyT/XnfqVNg32cNoY4f6q+0=',NULL,0,'lambda_david.wilson','Wilson','david.wilson@example.com',0,1,'2025-08-04 10:03:28.524221','David');
INSERT INTO auth_user VALUES(14,'pbkdf2_sha256$870000$Q2hxhC5uv3ZQ6a5owY9SDi$irZH2p2jAbUTGBz1YG+cOQKqN+8s8YKI06OYpce7sSw=',NULL,0,'lambda_emily.davis','Davis','emily.davis@example.com',0,1,'2025-08-04 10:03:29.332594','Emily');
INSERT INTO auth_user VALUES(15,'pbkdf2_sha256$870000$x4pZakmH14NQJEyJ3QbdHM$H/ua7+O6fA/q0bBW6/gR8cz9dkrTo6F6NkPTZxDNwio=',NULL,0,'lambda_mike.miller','Miller','mike.miller@example.com',0,1,'2025-08-04 10:03:30.198675','Mike');
INSERT INTO auth_user VALUES(16,'pbkdf2_sha256$870000$EyJeCjFeyUW2fvngFf9BbU$/RPCNg53OC0KE78RPvYr+39PZ/4yxJgP61rSAXnTTvY=',NULL,0,'lambda_linda.taylor','Taylor','linda.taylor@example.com',0,1,'2025-08-04 10:03:30.949304','Linda');
INSERT INTO auth_user VALUES(17,'pbkdf2_sha256$870000$2G1wZOIG3LR6PO3fSO5Rle$PMwiw//uM6TaaYeGp3btYv4+g6vBWIYxpY5OdGkC+Qg=',NULL,0,'lambda_robert.moore','Moore','robert.moore@example.com',0,1,'2025-08-04 10:03:31.707586','Robert');
INSERT INTO auth_user VALUES(18,'pbkdf2_sha256$870000$7ZipcI6Kap8xHzWfBBEYwQ$dfEXqk7O7oMYioEUNEtqXTAtwEh+gh29Onbc0Ex5sXg=',NULL,0,'lambda_nancy.anderson','Anderson','nancy.anderson@example.com',0,1,'2025-08-04 10:03:32.457539','Nancy');
INSERT INTO auth_user VALUES(19,'pbkdf2_sha256$870000$6s2wsdYM48p2huVYuv7bpr$cOQsR49g+duGTfkk+LHfuEaMogNqiUm7NQRXQXFypTc=','2025-08-04 12:48:28.069310',0,'lucacamilleri55+4','','lucacamilleri55+4@gmail.com',0,1,'2025-08-04 12:44:15.717624','');
CREATE TABLE IF NOT EXISTS "django_session" ("session_key" varchar(40) NOT NULL PRIMARY KEY, "session_data" text NOT NULL, "expire_date" datetime NOT NULL);
INSERT INTO django_session VALUES('0x2fx6y1keqxpvz7ahz7d9xjzm2x6hza','.eJxVjMEOgyAQRP-Fc2O0kAW8tT9Cll2IpBQTBS9N_73aePE4b2beRyDR3Ep1W1hSTIFdeGPKYiwt55tw2Ork2hoWl1iMQokL80ivUI4Ccz5wd-q6_-as1-6xp1BqIqxpLs_zdVFNuE67JxpAfwdGwxG80gz9gDFarckPyku2GhRZBGkBo5SGrAHLPZNBAB7E9wefLUgx:1ufIEQ:I_xpre95uSzNRb2LzsSBOh4uoKFPB07FWUs4S8u4uKw','2025-08-08 13:13:02.194015');
INSERT INTO django_session VALUES('eux8iwbf854bvcv5hbuo7swr8qohne0q','.eJxVjDsOwjAQBe_iGln-fyjpcwZrvWtwANlSnFSIu0OkFNC-mXkvlmBba9pGWdJM7MwsO_1uGfBR2g7oDu3WOfa2LnPmu8IPOvjUqTwvh_t3UGHUb-08ksxRuXDV6IsxShgEmVXWIgsLFDVGFIYKojRWEthYICgHPhonA3t_AOcaN8c:1ufIOy:BuDdH4QQbDrk6jcI45as9TuXIQvz2pCqlWa5_BA87E4','2025-08-08 13:23:56.667040');
INSERT INTO django_session VALUES('vl44crvlwzfsyi88s0plrz3uyfx469bl','.eJyNkU1upDAQhe9Sa4RwwECzGs1-ThBFVmEb8LSxkX-StFp99xQdMpMom6wo6r0qf36-Akrps0sCc1q0S0ZiMt6JVafFqwjD4xXeaxhgwxhffFBQACYYWMfrhtcdP5V1U3d9AXpFY8los0SJq7FWB8P5r3nvl9KvcHsq_h1p_WwcDFfIUQexnWmQwbFEPNPkdNCQsKJTmHy4kCGa2eUNhglt1AUErUzQMokc6GyXrf0JyPsatOL8gmGOH4MxYdI7ExWzjnt1xxTjRUiv7hKBIH1vBSxEZTVFk0LW9H-Hvoht8e5nzoPzv5MkmUOglyD6L6ZdMs4kQ4BKfM-_7XhDFhF1jPsL6tfNUFxDRb39ccU9ZaOOlD_1RpRn7XZB_UU3e8rHpWDGcreUhxrLP3R9-_vwflmwYFxoup3qcVInpljTVt0okWGtHk4Na1WlkFeKTz2bal21Y9uPDatY13fNA-MN1qw79XB7A9HL3ro:1ufJQZ:xfvl7_fDzRyI1T6uY3JH9U7lJBfE33qLuFlqmPqIwo4','2025-08-08 14:29:39.731392');
INSERT INTO django_session VALUES('fjlg9tlwudmnt7oa9pkxp9p6v7brrc3r','.eJxVkM1uhDAMhN_FZ4TizS-c2r5GVSGThBI1kBUJaqvVvns3Wy7crJnx55FvQNamfS0D7WX2awmWSkjrsPgyJ5ehf7_B_ww9XCnn77Q5aIAK9KglF8p0krVGGC60aMAvFOIjGndLlpYQo9-ClC-fVW9tWuD-0cDz2rBnvw2hghFO2kj2y6_VoBir3B4t22fmsHP7eur8dmydUDPl-cFREx8n16FDoZgeLSFxd-kEKsccSebkZHDinqlRmVEgQ220uKAUxFF3pkKzz7m-xv9cw_YLPbv_AeipaeM:1ufNNH:WNa4oHtJxucL0AeaY2iCSLIDDsojOPsZM4SE3twVxY8','2025-08-08 18:42:31.070777');
INSERT INTO django_session VALUES('wjgrtzf6dxwpj4yvbyzbnjfaglnwhmq1','.eJxVkM1ugzAQhN9lr0WWfzFwSvsaUYUWe1OsGoiwUVpFeffGKRduq5nZb0d7B3Ru2ebc45ZHmnNwmMMy9xPlcfEJuvMd_mfo4Iop3ZbVQwWYoRPWqFpIYwwTkgup2gpowhCf0bg5dDiFGGkNxrzJ01dxmFsmeHxW8LrXb4nWPhS0goM2oPumuRgYY5HZ3pO9Mrud2Puh9ce-dUCNmMYnx9cKta21dlJfbEtco9BC1XZASehJ-8ZcGotecWUVaWwab7gerOa29Y4KNFFK5Tn0cw3rL3T88QdiHGrK:1ufyjT:I8rCI-jfKul2QUIR12EK4BUvEFhaoDG9Tm_z3xT1p8Y','2025-08-10 10:35:55.435601');
INSERT INTO django_session VALUES('p2k7j8yq73qnd3miii6vp4nprceb9zcz','.eJxVkM1uhDAMhN_FZ4TiDfnj1PY1qgqZJJSogaxIUFut9t272XLhZs2MP498A7I27WsZaC-zX0uwVEJah8WXObkM_fsN_mfo4Uo5f6fNQQNUoEcluDRco2gN55Jr2YBfKMRHNO6WLC0hRr8FIV4-q97atMD9o4HntWHPfhtCBSOctJHsl1-rQTFWuT1ats_MYef29dT57dg6oWbK84MjJz5OzqDDTjI1WkLi7mI6lI45EsyJSePEPZOj1GOHDJVW3QVFRxyV0RWafc71Nf7nGrZf6Nn9D-ifaeM:1ugJs8:olESX6uMxch3F4bT9Uybe-zb2ZCQO5OHBI9AN_mcE5o','2025-08-11 09:10:16.260173');
INSERT INTO django_session VALUES('bkwzjsmgiidct8cqo9dgecbnaemkz2jz','.eJxVkE1uxCAMhe_idYSAkB-y6vQa1SgyhjaoCYwC0bQazd0bptlkZz0_f372A5AobiGPuOXJhewJs49hXFyeok0wfDzgv4YBbpjSPa4WKsAMg-iautecC81kr1XLVQVuQT_vVoMB0S4-vH0VhVFc4Hmt4LVn3JJbR1-QDZw0g_TtQmngPBeZHfnYy3O0E7uc0r4fUyfUhGnaOW1HVhgt2_6zps4pJbkiFEaamhveoNU1aeLKOiKhGmGx0Q572WK3nyT6Ak0upfIU93Pz6y8M_PkHW09oeA:1uh8uh:YvgLfngCpxlozkXhanmG1SUaKPtLaW2Yc2uN06dgQow','2025-08-13 15:40:19.538127');
INSERT INTO django_session VALUES('5zhadb9x016ka4u7pof47vyq25j76x06','.eJxVkM1uhDAMhN_F1yIE-QNz2vY1qgqZYErUQFYkqK1W--7dbLlws2bGn0e-AVkb9jX1tKeZ1-QsJRfWfuE0hzFC936D_xk6uFKM32EboQBK0NWNlqhVhbpUqLBFLIAXcv4R9bslS4vznjen9Ut9-cxOacMC948Cnvf6PfLWu4wWcNIGsl-8ZoO8z3J59CyfmcOO5eup9duxdULNFOcHx6C0ZrJtxUZOtdCiGUZqxEjYClkpwWgaiZKotYislbFynNSkqqFlYSaZoZFjzM_hn6vbfqGr7n-FAGrW:1uhPaB:rA151mx9sw__N2DOcmKkk12Y9ExIS3WLqzbSJFpGrx4','2025-08-14 09:28:15.710945');
INSERT INTO django_session VALUES('btxab6nw3bierghkukbxlqi0v27nofuc','.eJxVkM1ugzAQhN9lr0XI-B9Obc95g6hCi70pVgFH2Kitorx745QLt9XM7LejvQE6F7cl97jlkZYcHOYQl36mPEafoDvf4H-GDq6Y0ndcPVSAGbrGKNFqzq2uGbdc8QpoxjA9kqfNocM5TBOtQakX_vpZnNrFGe4fFTzP9VuitQ-FLOCgDei-aCkGTlOR671m_czsdqrfDqXf960DasQ0PjheC5RGS-m4vJiWmMRGNkKbATmhJ-mtuliDXjBhBEm01ismByOZab2jAk2UUvkN_VzD-gsdu_8BB-RqhA:1uhRiI:dmMxaEi_OCwzRJq43etpO2cKtg1PNX4MxmRLFUXx3XA','2025-08-14 11:44:46.252871');
INSERT INTO django_session VALUES('mmkxy0p2c7ya3gmf9tqtht2dey4hcytt','.eJxVkM1uhDAMhN_FZ4SSkB_CqdvXqCrkOGmJCmFFgtpqte_ezZYLN2tm_HnkGyDRuqcy4l6mkEokLHFN4xLKtPoMw9sN_mcY4Io5f6-bhwawwMCN6mzPdCdaYXjfQFgwzo-cw4Tol5hePqvS0rrA_b2B55Fxz2EbY-UpOGkO6SukauA8V7k9yrXPzGHn9nKq-npsnVAT5unB0YY8d1bo_qMjE6QUTBJyJ1zHHFPobUeWmPSBiEvFPSobsBcajZWa9xWaQ871I-HnGrdfGNj9D32GZ9o:1uhWUC:zf0TT_UkmRMkBNfVtmxpqssLFEDC1fhGzPCDXjnUnWU','2025-08-14 16:50:32.500844');
INSERT INTO django_session VALUES('b2phqpnduqhmfno2agkpds0tzkiv2xcs','.eJxVkM1uhDAMhN_FZxTFm184tX2NqkImCSVqgBUJaqvVvns3Wy7crJnx55FvQM6t-1J62ssUlhIdlbgu_RzKtPoM3fsN_mfo4Eo5f6-bhwaoQIdGSa6s5IZxobQwbQNhppge0bQ7cjTHlMIWlXr5rDpz6wz3jwae1_o9h62PFYxw0gZyX2GpBqVUZXa0ZM_MYWf2eur8dmydUBPl6cHRoxhG36JHqbkZHCEJf2klas89Ke7VaHEUgetB20EiR2ONvKCSJNC0tkJzyLm-Jvxc4_YLHb__AdzWadc:1uhqid:ARUGdFFf0V8qab0Z3sd44F3Z4Mc_LtOdtu6Zv2wHhrU','2025-08-15 14:26:47.308190');
INSERT INTO django_session VALUES('sdpru6y6jxqtpeu8kshl6z67m6cbqknz','.eJxVkMFuhDAMRP_F1yIUkpAQTtv-RlUhY0yJGmBFgtpqtf_ezZYLN2tm_DzyDZBo3ZfU4Z4mXpInTH5dupnTtA4R2vcb_M_QwhVj_F63AQrABG1la10p4awthdBGCFUAz-jDIxp2QsLZh8Cbr-uX6vKZnZLWGe4fBTzvdXvkrfMZLeGk9UhfvGQDQ8hyefQsn5nDjuXrqfXbsXVCTRinB8c4RWakRrBRYyVrafsBrRzQNVIJLdkZq5xCbMg5rrUhNYx61KJvWJpRZWjkGPNz-Ofqt19oxf0PW61qqw:1ui9b7:VKTELWy74n1otivUoeg9rTaXHwtzJCeyz9aY-Djsggs','2025-08-16 10:36:17.306299');
INSERT INTO django_session VALUES('mujfse037pisduezorhksbyc01l5p84h','eyJhY2NvdW50X3ZlcmlmaWVkX2VtYWlsIjpudWxsfQ:1uirL7:vmCgI6Sh0r13_K88TseqEgQKdqtajV9Hss4wQsbEhwU','2025-08-18 09:18:41.365330');
INSERT INTO django_session VALUES('eteivuu8v6evacj1c7zbrgszdjgfea2r','.eJxVkMFuhDAMRP_FZxQlhkDg1O1vVCtkgimokKxI0Ha12n8v2XLhZs2Mn0d-AlnrNxdb2uLILk6W4uRdu3AcfR-g-XrC_wwN3CiEu197yIAiNKrSBdZ1jrkotdaoqwx4oWneo-7hI4meZ97xa_z4TrqwfoHXNYP3tXYLvLZTAhs4aR3ZH3bJoHlOsjhainfmsIO4nDp_Hlsn1Ehh3DnaYi2HTtYddwoZdV8OZTWgVdzZQWpl80rniCUaSUarXkkmLIytDBbSDAkaOIT0Gv69TesDGvn6A0DGaqA:1uirON:NREL8JOy0IyJbrpCB0xCSGPqgYmYezWtxHX0ORqiKEs','2025-08-18 09:22:03.884416');
INSERT INTO django_session VALUES('h7vu4nvac7ywpr6yot3pcdcw7hp8ix0j','.eJxVkM1ugzAQhN9lzwh54184NT33DaIKLbYpVg1E2Citorx745QLt9XM7LejvQNZu2xz7mjLo59zsJTDMneTz-PiErSXO_zP0MKVUrotq4MKKEOLWgrONBOyFlIxpkwFfqIQn9GPzZKlKcTo1yDl21fRa7tM8Pis4HWt25Jfu1DACAetJ_vt52JQjEWu95b1K7PbqT4fOr_vWwfUSGl8ctTA-8E16FAopntLSNydGoHKMUeSOTkYHLhnqlemF8hQGy1OKAVx1I0p0ORTKq_xP9ew_kLLHn-3n2mu:1uitOv:frGnX2Hk0yqtH-ZIlMIkISpsdpFjCACymbwId_PKZTU','2025-08-18 11:30:45.736020');
INSERT INTO django_session VALUES('b95hb1utqc5yapbo6cjjy6l5cy346pei','.eJxVjMsOwiAQRf-FtSFMebt07zeQgQGpGkhKuzL-uzbpQrf3nHNfLOC21rCNvISZ2JkBO_1uEdMjtx3QHdut89TbusyR7wo_6ODXTvl5Ody_g4qjfmtTZCzkgUAZYWNCQEmTV2BIEGpBujgoMgsTjYsKBFhn1QRaoQTrHXt_AOGiNwI:1uiumr:oyQEZKvb13WKO2422dQCNlN2GSjj6S0GUhPB3njtbeM','2025-08-18 12:59:33.306623');
INSERT INTO django_session VALUES('olzpyvglf1dclf04ssjvopxa6cv4q0j6','.eJxVkM1uhDAMhN_FZ4RIyA_h1O1rVBVynLREhWRFgtpqte_ezZYLN2tm_HnkGyBR2mOZcC-zjyUQlpDitPoyJ5dhfLvB_wwjXDHn77Q5aAALjExL0TPda9NypgfVgF8xLI-gxYjo1hBfPqvSUlrh_t7A88q0Z79NoQIlnDSL9OVjNXBZqtwe7dpn5rBzezl1fT22TqgZ8_zgKE2OWcPV8NGT9kLwThAyy23f2U6iMz0Z6oTzRExI5lAajwNXqI1QbKjQ7HOuL_E_17D9wtjd_wDLG2gT:1uiw5b:liwEkSrYzzDlArjgF7IcobqBqpC26xVacpbK0rMBqjo','2025-08-18 14:22:59.482073');
INSERT INTO django_session VALUES('9r8o50n7ua4zng81fsffozpfjrb1mwds','.eJxVjMsOwiAQRf-FtSFMebt07zeQgQGpGkhKuzL-uzbpQrf3nHNfLOC21rCNvISZ2JkBO_1uEdMjtx3QHdut89TbusyR7wo_6ODXTvl5Ody_g4qjfmtTZCzkgUAZYWNCQEmTV2BIEGpBujgoMgsTjYsKBFhn1QRaoQTrHXt_AOGiNwI:1uj2HF:O7avOvgysnypxiSPCPEKVZI4a09_RFlgmmv3PeCOW58','2025-08-18 20:59:25.778241');
INSERT INTO django_session VALUES('p7eab6jceuzleaz1gg9vw7y0zlpft57t','.eJxVkMFuhDAMRP_F16IIEhIIp21_o6qQcUyJGmBFgtpqtf_ezZYLN2tm_DzyDZBo3ZfU454mXpInTH5d-pnTtLoI3fsN_mfo4Ioxfq-bgwIwQVc1ulatMUYLJRtTqQJ4Rh8eybATEs4-BN681i_V5TM7gtYZ7h8FPM_1e-St95ks4aQNSF-8ZANDyLI4aopn5rCjeD2Vfju2TqgJ4_TgGKvIjNSWbNRYSS2bwWEjHdpWqrKWbE2jrEJsyVrWtSHlxnqsy6FlaUaVoZFjzL_hn6vffqEr738kAGqL:1ujE77:DoKHodNcwQGQPEUPGYIE8SprWF0NZAO7fq6qq2dTQLQ','2025-08-19 09:37:45.564575');
CREATE TABLE IF NOT EXISTS "socialaccount_socialapp" ("id" integer NOT NULL PRIMARY KEY AUTOINCREMENT, "provider" varchar(30) NOT NULL, "name" varchar(40) NOT NULL, "client_id" varchar(191) NOT NULL, "secret" varchar(191) NOT NULL, "key" varchar(191) NOT NULL, "provider_id" varchar(200) NOT NULL, "settings" text NOT NULL CHECK ((JSON_VALID("settings") OR "settings" IS NULL)));
CREATE TABLE IF NOT EXISTS "socialaccount_socialtoken" ("id" integer NOT NULL PRIMARY KEY AUTOINCREMENT, "token" text NOT NULL, "token_secret" text NOT NULL, "expires_at" datetime NULL, "account_id" integer NOT NULL REFERENCES "socialaccount_socialaccount" ("id") DEFERRABLE INITIALLY DEFERRED, "app_id" integer NULL REFERENCES "socialaccount_socialapp" ("id") DEFERRABLE INITIALLY DEFERRED);
CREATE TABLE IF NOT EXISTS "socialaccount_socialaccount" ("id" integer NOT NULL PRIMARY KEY AUTOINCREMENT, "provider" varchar(200) NOT NULL, "uid" varchar(191) NOT NULL, "last_login" datetime NOT NULL, "date_joined" datetime NOT NULL, "user_id" integer NOT NULL REFERENCES "auth_user" ("id") DEFERRABLE INITIALLY DEFERRED, "extra_data" text NOT NULL CHECK ((JSON_VALID("extra_data") OR "extra_data" IS NULL)));
CREATE TABLE IF NOT EXISTS "trajects_traject" ("id" integer NOT NULL PRIMARY KEY AUTOINCREMENT, "start_adress" varchar(255) NOT NULL, "end_adress" varchar(255) NOT NULL, "start_street" varchar(100) NULL, "start_cp" varchar(10) NULL, "start_locality" varchar(100) NULL, "end_street" varchar(100) NULL, "end_cp" varchar(10) NULL, "end_locality" varchar(100) NULL, "start_coordinate" varchar(50) NULL, "end_coordinate" varchar(50) NULL, "start_country" varchar(100) NULL, "end_country" varchar(100) NOT NULL, "distance" real NULL);
INSERT INTO trajects_traject VALUES(11,'Monceau-sur-Sambre, Charleroi, Belgique','Charleroi, Belgique',NULL,NULL,NULL,NULL,NULL,NULL,NULL,NULL,'Belgium','Belgium',NULL);
INSERT INTO trajects_traject VALUES(12,'Monceau-sur-Sambre, Charleroi, Belgique','Charleroi, Belgique',NULL,NULL,NULL,NULL,NULL,NULL,NULL,NULL,'Belgium','Belgium',NULL);
INSERT INTO trajects_traject VALUES(13,'Mons, Belgique','Mont-Saint-Guibert, Belgique',NULL,NULL,NULL,NULL,NULL,NULL,NULL,NULL,'Belgium','Belgium',NULL);
INSERT INTO trajects_traject VALUES(14,'Charleroi, Belgique','Mons, Belgique',NULL,NULL,NULL,NULL,NULL,NULL,NULL,NULL,'Belgium','Belgium',NULL);
INSERT INTO trajects_traject VALUES(15,'Charleroi, Belgique','Mons, Belgique',NULL,NULL,NULL,NULL,NULL,NULL,NULL,NULL,'Belgium','Belgium',NULL);
INSERT INTO trajects_traject VALUES(16,'Charleroi, Belgique','Mons, Belgique',NULL,NULL,NULL,NULL,NULL,NULL,NULL,NULL,'Belgium','Belgium',NULL);
INSERT INTO trajects_traject VALUES(17,'Monceau-sur-Sambre, Charleroi, Belgique','Charleroi, Belgique',NULL,NULL,NULL,NULL,NULL,NULL,NULL,NULL,'Belgium','Belgium',NULL);
INSERT INTO trajects_traject VALUES(18,'Monceau-sur-Sambre, Charleroi, Belgique','Charleroi, Belgique',NULL,NULL,NULL,NULL,NULL,NULL,NULL,NULL,'Belgium','Belgium',NULL);
INSERT INTO trajects_traject VALUES(19,'Mons, Belgique','Mons, Belgique',NULL,NULL,NULL,NULL,NULL,NULL,NULL,NULL,'Belgium','Belgium',NULL);
INSERT INTO trajects_traject VALUES(20,'Mons, Belgique','Mons, Belgique',NULL,NULL,NULL,NULL,NULL,NULL,NULL,NULL,'Belgium','Belgium',NULL);
INSERT INTO trajects_traject VALUES(21,'Monceau-sur-Sambre, Charleroi, Belgique','Charleroi, Belgique',NULL,NULL,NULL,NULL,NULL,NULL,NULL,NULL,'Belgium','Belgium',NULL);
INSERT INTO trajects_traject VALUES(22,'Charleroi, Belgique','Charleroi, Belgique',NULL,NULL,NULL,NULL,NULL,NULL,NULL,NULL,'Belgium','Belgium',NULL);
INSERT INTO trajects_traject VALUES(23,'Charleroi, Belgique','Charleroi, Belgique',NULL,NULL,NULL,NULL,NULL,NULL,NULL,NULL,'Belgium','Belgium',NULL);
INSERT INTO trajects_traject VALUES(24,'Charleroi, Belgique','Charleroi, Belgique',NULL,NULL,NULL,NULL,NULL,NULL,NULL,NULL,'Belgium','Belgium',NULL);
INSERT INTO trajects_traject VALUES(25,'Charleroi, Belgique','Charleroi, Belgique',NULL,NULL,NULL,NULL,NULL,NULL,NULL,NULL,'Belgium','Belgium',NULL);
INSERT INTO trajects_traject VALUES(26,'Charleroi, Belgique','Charleroi, Belgique',NULL,NULL,NULL,NULL,NULL,NULL,NULL,NULL,'Belgium','Belgium',NULL);
INSERT INTO trajects_traject VALUES(27,'Rue Emile Vandervelde, Monceau-sur-Sambre 6031 Charleroi, Belgique','Rue Emile Vandervelde, Monceau-sur-Sambre 6031 Charleroi, Belgique',NULL,NULL,NULL,NULL,NULL,NULL,NULL,NULL,'Belgium','Belgium',NULL);
INSERT INTO trajects_traject VALUES(28,'6031 Charleroi, Belgique','',NULL,NULL,NULL,NULL,NULL,NULL,NULL,NULL,'Belgium','Belgium',NULL);
INSERT INTO trajects_traject VALUES(29,'Essenschotstraat 6031, Tessenderlo-Ham, Belgique','',NULL,NULL,NULL,NULL,NULL,NULL,NULL,NULL,'Belgium','Belgium',NULL);
INSERT INTO trajects_traject VALUES(30,'Rue Emile Vandervelde','',NULL,NULL,NULL,NULL,NULL,NULL,NULL,NULL,'Belgium','Belgium',NULL);
INSERT INTO trajects_traject VALUES(31,'6031 Charleroi, Belgique','6031 Charleroi, Belgique',NULL,NULL,NULL,NULL,NULL,NULL,NULL,NULL,'Belgium','Belgium',NULL);
INSERT INTO trajects_traject VALUES(32,'Charleroi, Belgique','Charleroi Airport Shuttle - Brussels Midi, Rue de France, Saint-Gilles, Belgique',NULL,NULL,NULL,NULL,NULL,NULL,NULL,NULL,'Belgium','Belgium',NULL);
INSERT INTO trajects_traject VALUES(33,'Charleroi, Belgique','Charleroi, Belgique',NULL,NULL,NULL,NULL,NULL,NULL,NULL,NULL,'Belgium','Belgium',NULL);
INSERT INTO trajects_traject VALUES(34,'Charleroi, Belgique','Charleroi, Belgique',NULL,NULL,NULL,NULL,NULL,NULL,NULL,NULL,'Belgium','Belgium',NULL);
INSERT INTO trajects_traject VALUES(35,'Charleroi, Belgique','Charleroi, Belgique',NULL,NULL,NULL,NULL,NULL,NULL,NULL,NULL,'Belgium','Belgium',NULL);
INSERT INTO trajects_traject VALUES(36,'Charleroi, Belgique','Charleroi, Belgique',NULL,NULL,NULL,NULL,NULL,NULL,NULL,NULL,'Belgium','Belgium',NULL);
INSERT INTO trajects_traject VALUES(37,'Charleroi, Belgique','',NULL,NULL,NULL,NULL,NULL,NULL,NULL,NULL,'Belgium','Belgium',NULL);
INSERT INTO trajects_traject VALUES(38,'Charleroi, Belgique','',NULL,NULL,NULL,NULL,NULL,NULL,NULL,NULL,'Belgium','Belgium',NULL);
INSERT INTO trajects_traject VALUES(39,'Charleroi, Belgique','Charleroi, Belgique',NULL,NULL,NULL,NULL,NULL,NULL,NULL,NULL,'Belgium','Belgium',NULL);
INSERT INTO trajects_traject VALUES(40,'Charleroi, Belgique','',NULL,NULL,NULL,NULL,NULL,NULL,NULL,NULL,'Belgium','Belgium',NULL);
INSERT INTO trajects_traject VALUES(141,'Electro-Pièces, Chaussée de Châtelet, Gilly Charleroi, Belgique','Boulevard de la Dodaine 50, Nivelles, Belgique',NULL,NULL,NULL,NULL,NULL,NULL,NULL,NULL,'Belgium','Belgium',NULL);
INSERT INTO trajects_traject VALUES(142,'Electro-Pièces, Chaussée de Châtelet, Gilly Charleroi, Belgique','Crèche Communale de Nivelles, Boulevard de la Dodaine, Nivelles, Belgique',NULL,NULL,NULL,NULL,NULL,NULL,NULL,NULL,'Belgium','Belgium',NULL);
INSERT INTO trajects_traject VALUES(143,'Electro-Pièces, Chaussée de Châtelet, Gilly Charleroi, Belgique','Boulevard de la Dodaine, Nivelles, Belgique',NULL,NULL,NULL,NULL,NULL,NULL,NULL,NULL,'Belgium','Belgium',NULL);
INSERT INTO trajects_traject VALUES(144,'Electro-Pièces, Chaussée de Châtelet, Gilly Charleroi, Belgique','Crèche Communale de Nivelles, Boulevard de la Dodaine, Nivelles, Belgique',NULL,NULL,NULL,NULL,NULL,NULL,NULL,NULL,'Belgium','Belgium',NULL);
INSERT INTO trajects_traject VALUES(145,'Electro-Pièces, Chaussée de Châtelet, Gilly Charleroi, Belgique','Boulevard de la Dodaine, Nivelles, Belgique',NULL,NULL,NULL,NULL,NULL,NULL,NULL,NULL,'Belgium','Belgium',NULL);
INSERT INTO trajects_traject VALUES(146,'Electro-Pièces, Chaussée de Châtelet, Gilly Charleroi, Belgique','Crèche Communale de Nivelles, Boulevard de la Dodaine, Nivelles, Belgique',NULL,NULL,NULL,NULL,NULL,NULL,NULL,NULL,'Belgium','Belgium',NULL);
INSERT INTO trajects_traject VALUES(147,'Electro-Pièces, Chaussée de Châtelet, Gilly Charleroi, Belgique','Boulevard de la Dodaine, Nivelles, Belgique',NULL,NULL,NULL,NULL,NULL,NULL,NULL,NULL,'Belgium','Belgium',NULL);
INSERT INTO trajects_traject VALUES(148,'Electro-Pièces, Chaussée de Châtelet, Gilly Charleroi, Belgique','Boulevard de la Dodaine, Nivelles, Belgique',NULL,NULL,NULL,NULL,NULL,NULL,NULL,NULL,'Belgium','Belgium',NULL);
INSERT INTO trajects_traject VALUES(149,'Electro-Pièces, Chaussée de Châtelet, Gilly Charleroi, Belgique','Boulevard de la Dodaine, Nivelles, Belgique',NULL,NULL,NULL,NULL,NULL,NULL,NULL,NULL,'Belgium','Belgium',NULL);
INSERT INTO trajects_traject VALUES(150,'Electro-Pièces, Chaussée de Châtelet, Gilly Charleroi, Belgique','Crèche Communale de Nivelles, Boulevard de la Dodaine, Nivelles, Belgique',NULL,NULL,NULL,NULL,NULL,NULL,NULL,NULL,'Belgium','Belgium',NULL);
INSERT INTO trajects_traject VALUES(151,'Gilly, Charleroi, Belgique','Nivelles, Belgique',NULL,NULL,NULL,NULL,NULL,NULL,NULL,NULL,'Belgium','Belgium',NULL);
INSERT INTO trajects_traject VALUES(152,'Gilly Charleroi, Belgique','Nivelles, Belgique',NULL,NULL,NULL,NULL,NULL,NULL,NULL,NULL,'Belgium','Belgium',NULL);
INSERT INTO trajects_traject VALUES(153,'Charleroi, Belgique','Nivelles, Belgique',NULL,NULL,NULL,NULL,NULL,NULL,NULL,NULL,'Belgium','Belgium',NULL);
CREATE TABLE IF NOT EXISTS "trajects_transportmode" ("id" integer NOT NULL PRIMARY KEY AUTOINCREMENT, "name" varchar(100) NOT NULL, "description" text NULL);
INSERT INTO trajects_transportmode VALUES(1,'🚶‍♀️À pied','');
INSERT INTO trajects_transportmode VALUES(2,'🚗 Voiture','');
INSERT INTO trajects_transportmode VALUES(3,'🚌 Transport','');
INSERT INTO trajects_transportmode VALUES(4,'🚲 Vélo','');
CREATE TABLE IF NOT EXISTS "trajects_proposedtraject_languages" ("id" integer NOT NULL PRIMARY KEY AUTOINCREMENT, "proposedtraject_id" bigint NOT NULL REFERENCES "trajects_proposedtraject" ("id") DEFERRABLE INITIALLY DEFERRED, "languages_id" bigint NOT NULL REFERENCES "accounts_languages" ("id") DEFERRABLE INITIALLY DEFERRED);
INSERT INTO trajects_proposedtraject_languages VALUES(308,217,1);
INSERT INTO trajects_proposedtraject_languages VALUES(309,218,1);
INSERT INTO trajects_proposedtraject_languages VALUES(310,219,1);
INSERT INTO trajects_proposedtraject_languages VALUES(311,220,1);
INSERT INTO trajects_proposedtraject_languages VALUES(312,221,1);
INSERT INTO trajects_proposedtraject_languages VALUES(313,222,1);
INSERT INTO trajects_proposedtraject_languages VALUES(314,223,1);
INSERT INTO trajects_proposedtraject_languages VALUES(315,224,1);
INSERT INTO trajects_proposedtraject_languages VALUES(316,226,2);
INSERT INTO trajects_proposedtraject_languages VALUES(317,227,1);
CREATE TABLE IF NOT EXISTS "trajects_proposedtraject_transport_modes" ("id" integer NOT NULL PRIMARY KEY AUTOINCREMENT, "proposedtraject_id" bigint NOT NULL REFERENCES "trajects_proposedtraject" ("id") DEFERRABLE INITIALLY DEFERRED, "transportmode_id" bigint NOT NULL REFERENCES "trajects_transportmode" ("id") DEFERRABLE INITIALLY DEFERRED);
INSERT INTO trajects_proposedtraject_transport_modes VALUES(258,217,2);
INSERT INTO trajects_proposedtraject_transport_modes VALUES(259,218,2);
INSERT INTO trajects_proposedtraject_transport_modes VALUES(260,219,2);
INSERT INTO trajects_proposedtraject_transport_modes VALUES(261,220,2);
INSERT INTO trajects_proposedtraject_transport_modes VALUES(262,221,2);
INSERT INTO trajects_proposedtraject_transport_modes VALUES(263,222,2);
INSERT INTO trajects_proposedtraject_transport_modes VALUES(264,223,2);
INSERT INTO trajects_proposedtraject_transport_modes VALUES(265,224,2);
INSERT INTO trajects_proposedtraject_transport_modes VALUES(266,226,2);
INSERT INTO trajects_proposedtraject_transport_modes VALUES(267,227,2);
CREATE TABLE IF NOT EXISTS "trajects_reservation" ("id" integer NOT NULL PRIMARY KEY AUTOINCREMENT, "number_of_places" integer unsigned NOT NULL CHECK ("number_of_places" >= 0), "reservation_date" datetime NOT NULL, "status" varchar(20) NOT NULL, "traject_id" bigint NOT NULL REFERENCES "trajects_proposedtraject" ("id") DEFERRABLE INITIALLY DEFERRED, "user_id" integer NULL REFERENCES "auth_user" ("id") DEFERRABLE INITIALLY DEFERRED);
INSERT INTO trajects_reservation VALUES(43,1,'2025-08-05 11:14:59.503928','confirmed',217,8);
INSERT INTO trajects_reservation VALUES(44,1,'2025-08-05 11:20:47.719246','confirmed',217,8);
INSERT INTO trajects_reservation VALUES(45,1,'2025-08-05 11:20:58.731780','canceled',217,8);
INSERT INTO trajects_reservation VALUES(46,1,'2025-08-05 11:25:29.390336','pending',218,8);
INSERT INTO trajects_reservation VALUES(47,1,'2025-08-05 11:26:07.859223','pending',218,8);
INSERT INTO trajects_reservation VALUES(48,1,'2025-08-05 12:27:59.752463','pending',217,8);
CREATE TABLE IF NOT EXISTS "trajects_researchedtraject_children" ("id" integer NOT NULL PRIMARY KEY AUTOINCREMENT, "researchedtraject_id" bigint NOT NULL REFERENCES "trajects_researchedtraject" ("id") DEFERRABLE INITIALLY DEFERRED, "child_id" bigint NOT NULL REFERENCES "accounts_child" ("id") DEFERRABLE INITIALLY DEFERRED);
INSERT INTO trajects_researchedtraject_children VALUES(117,109,11);
INSERT INTO trajects_researchedtraject_children VALUES(118,110,11);
INSERT INTO trajects_researchedtraject_children VALUES(119,111,11);
INSERT INTO trajects_researchedtraject_children VALUES(120,112,11);
INSERT INTO trajects_researchedtraject_children VALUES(121,113,11);
INSERT INTO trajects_researchedtraject_children VALUES(122,114,11);
INSERT INTO trajects_researchedtraject_children VALUES(123,115,11);
INSERT INTO trajects_researchedtraject_children VALUES(124,116,11);
INSERT INTO trajects_researchedtraject_children VALUES(125,117,4);
INSERT INTO trajects_researchedtraject_children VALUES(126,118,4);
INSERT INTO trajects_researchedtraject_children VALUES(127,119,4);
CREATE TABLE IF NOT EXISTS "trajects_researchedtraject_transport_modes" ("id" integer NOT NULL PRIMARY KEY AUTOINCREMENT, "researchedtraject_id" bigint NOT NULL REFERENCES "trajects_researchedtraject" ("id") DEFERRABLE INITIALLY DEFERRED, "transportmode_id" bigint NOT NULL REFERENCES "trajects_transportmode" ("id") DEFERRABLE INITIALLY DEFERRED);
INSERT INTO trajects_researchedtraject_transport_modes VALUES(133,109,2);
INSERT INTO trajects_researchedtraject_transport_modes VALUES(134,110,2);
INSERT INTO trajects_researchedtraject_transport_modes VALUES(135,111,2);
INSERT INTO trajects_researchedtraject_transport_modes VALUES(136,112,2);
INSERT INTO trajects_researchedtraject_transport_modes VALUES(137,113,2);
INSERT INTO trajects_researchedtraject_transport_modes VALUES(138,114,2);
INSERT INTO trajects_researchedtraject_transport_modes VALUES(139,115,2);
INSERT INTO trajects_researchedtraject_transport_modes VALUES(140,116,2);
INSERT INTO trajects_researchedtraject_transport_modes VALUES(141,117,2);
INSERT INTO trajects_researchedtraject_transport_modes VALUES(142,118,2);
INSERT INTO trajects_researchedtraject_transport_modes VALUES(143,119,2);
CREATE TABLE IF NOT EXISTS "trajects_reservation_transport_modes" ("id" integer NOT NULL PRIMARY KEY AUTOINCREMENT, "reservation_id" bigint NOT NULL REFERENCES "trajects_reservation" ("id") DEFERRABLE INITIALLY DEFERRED, "transportmode_id" bigint NOT NULL REFERENCES "trajects_transportmode" ("id") DEFERRABLE INITIALLY DEFERRED);
INSERT INTO trajects_reservation_transport_modes VALUES(32,43,2);
INSERT INTO trajects_reservation_transport_modes VALUES(33,44,2);
INSERT INTO trajects_reservation_transport_modes VALUES(34,45,2);
INSERT INTO trajects_reservation_transport_modes VALUES(35,46,2);
INSERT INTO trajects_reservation_transport_modes VALUES(36,47,2);
INSERT INTO trajects_reservation_transport_modes VALUES(37,48,2);
CREATE TABLE IF NOT EXISTS "strip_subscription" ("id" integer NOT NULL PRIMARY KEY AUTOINCREMENT, "stripe_customer_id" varchar(255) NULL, "stripe_subscription_id" varchar(255) NULL, "is_active" bool NOT NULL, "current_period_start" datetime NULL, "current_period_end" datetime NULL, "created_at" datetime NOT NULL, "user_id" integer NOT NULL REFERENCES "auth_user" ("id") DEFERRABLE INITIALLY DEFERRED);
INSERT INTO strip_subscription VALUES(1,NULL,NULL,1,'2025-07-28 10:39:57','2026-07-28 10:39:59','2025-07-28 10:40:07.858147',1);
CREATE TABLE IF NOT EXISTS "stripe_subscription" ("id" integer NOT NULL PRIMARY KEY AUTOINCREMENT, "stripe_customer_id" varchar(255) NULL, "stripe_subscription_id" varchar(255) NULL, "is_active" bool NOT NULL, "current_period_start" datetime NULL, "current_period_end" datetime NULL, "created_at" datetime NOT NULL, "user_id" integer NOT NULL REFERENCES "auth_user" ("id") DEFERRABLE INITIALLY DEFERRED);
CREATE TABLE IF NOT EXISTS "stripe_sub_subscription" ("id" integer NOT NULL PRIMARY KEY AUTOINCREMENT, "stripe_customer_id" varchar(255) NULL, "stripe_subscription_id" varchar(255) NULL, "is_active" bool NOT NULL, "current_period_start" datetime NULL, "current_period_end" datetime NULL, "created_at" datetime NOT NULL, "user_id" integer NOT NULL REFERENCES "auth_user" ("id") DEFERRABLE INITIALLY DEFERRED, "price" decimal NULL, "first_name" varchar(100) NULL, "last_name" varchar(100) NULL, "product_name" varchar(100) NULL);
INSERT INTO stripe_sub_subscription VALUES(2,'cus_SlUCX0xUZAx6fw','sub_1RpxE8E12QZGUykNVzXG0cS6',1,'2025-07-28 20:03:58.331534',NULL,'2025-07-28 20:03:58.362623',1,99,'Luca','Camilleri','Abonnement Parent');
INSERT INTO stripe_sub_subscription VALUES(3,'cus_SlV4LNtU2y56qW','sub_1Rpy4OE12QZGUykNyrnpajEp',1,'2025-07-28 21:05:58.600187',NULL,'2025-07-28 20:59:59.989486',1,99,'Luca','Camilleri','Abonnement Parent');
INSERT INTO stripe_sub_subscription VALUES(4,NULL,NULL,1,'2025-07-28 21:07:15.553759',NULL,'2025-07-28 21:06:52.413453',1,2,'Luca','Camilleri','Abonnement Yaya');
INSERT INTO stripe_sub_subscription VALUES(5,'cus_SlVHbDQ9AYR57A','sub_1RpyHJE12QZGUykNsLd7qJbL',1,'2025-07-28 21:20:49.730177',NULL,'2025-07-28 21:08:16.505413',1,99,'Luca','Camilleri','Abonnement Parent');
INSERT INTO stripe_sub_subscription VALUES(6,NULL,NULL,1,NULL,NULL,'2025-08-05 11:05:58.395376',8,NULL,NULL,NULL,NULL);
CREATE TABLE IF NOT EXISTS "accounts_profile" ("id" integer NOT NULL PRIMARY KEY AUTOINCREMENT, "profile_picture" varchar(100) NULL, "address" varchar(100) NOT NULL, "service" varchar(30) NOT NULL, "transport_modes" text NOT NULL CHECK ((JSON_VALID("transport_modes") OR "transport_modes" IS NULL)), "bio" text NOT NULL, "phone" varchar(15) NOT NULL, "user_id" integer NOT NULL UNIQUE REFERENCES "auth_user" ("id") DEFERRABLE INITIALLY DEFERRED, "document_image_url" varchar(200) NULL, "verified_address" text NULL CHECK ((JSON_VALID("verified_address") OR "verified_address" IS NULL)), "verified_first_name" varchar(100) NULL, "verified_last_name" varchar(100) NULL, "verified_dob" text NULL CHECK ((JSON_VALID("verified_dob") OR "verified_dob" IS NULL)), "ci_is_verified" bool NOT NULL, "bvm_is_verified" bool NOT NULL, "prfl_is_verified" bool NOT NULL, "document_bvm" varchar(100) NULL);
INSERT INTO accounts_profile VALUES(1,'profile_pics/profile_lzw06wN.jpg','Monceau, Belgique','parent','[]','','',1,NULL,'{"city": "San Francisco", "country": "US", "line1": "1234 Main St.", "line2": "Apt 567", "postal_code": "94111", "state": "CA"}','Jenny','Rosen',NULL,1,0,0,'');
INSERT INTO accounts_profile VALUES(2,'profile_pics/profile.png','6031, Charleroi','yaya','[]','','',2,NULL,'{"city": "San Francisco", "country": "US", "line1": "1234 Main St.", "line2": "Apt 567", "postal_code": "94111", "state": "CA"}','Jenny','Rosen',NULL,0,0,0,'');
INSERT INTO accounts_profile VALUES(3,'','','parent','[]','','',3,NULL,NULL,NULL,NULL,NULL,0,0,1,'');
INSERT INTO accounts_profile VALUES(4,'','','parent','[]','','',4,NULL,NULL,NULL,NULL,NULL,0,0,1,'bvm/luca_camilleri.pdf');
INSERT INTO accounts_profile VALUES(5,'','','parent','[]','','',5,NULL,'{"city": "San Francisco", "country": "US", "line1": "1234 Main St.", "line2": "Apt 567", "postal_code": "94111", "state": "CA"}','Jenny','Rosen',NULL,1,0,1,'');
INSERT INTO accounts_profile VALUES(6,'','','parent','[]','','',7,NULL,NULL,NULL,NULL,NULL,0,0,0,'');
INSERT INTO accounts_profile VALUES(7,'profile_pics/photo_profil_email_Bana.png','6060 Gilly','parent','[]','Fondatrice de Bana, maman de 2 garçons (2010 et 2023). Je fais des trajets entre Nivelles, Chaumont-Gistoux et Wavre. Je me déplace à pied pour les trajets de moins de 15min et en voiture pour tous les autres trajets.','',8,NULL,NULL,NULL,NULL,NULL,0,0,0,'');
INSERT INTO accounts_profile VALUES(8,'','','parent','[]','','',19,NULL,NULL,NULL,NULL,NULL,0,0,0,'');
CREATE TABLE IF NOT EXISTS "bug_tracker_component" ("id" integer NOT NULL PRIMARY KEY AUTOINCREMENT, "name" varchar(100) NOT NULL UNIQUE, "description" text NOT NULL);
INSERT INTO bug_tracker_component VALUES(1,'Accounts','Accounts');
INSERT INTO bug_tracker_component VALUES(2,'Admin','Administation');
INSERT INTO bug_tracker_component VALUES(3,'BugTracker','BugTracker');
INSERT INTO bug_tracker_component VALUES(4,'Stripe','Stripe');
INSERT INTO bug_tracker_component VALUES(5,'Trajects','Trajects');
CREATE TABLE IF NOT EXISTS "bug_tracker_environment" ("id" integer NOT NULL PRIMARY KEY AUTOINCREMENT, "name" varchar(100) NOT NULL, "description" text NOT NULL);
INSERT INTO bug_tracker_environment VALUES(1,'Dev','');
INSERT INTO bug_tracker_environment VALUES(2,'Stagging','');
INSERT INTO bug_tracker_environment VALUES(3,'Production','');
CREATE TABLE IF NOT EXISTS "bug_tracker_version" ("id" integer NOT NULL PRIMARY KEY AUTOINCREMENT, "name" varchar(50) NOT NULL, "release_date" date NULL, "is_active" bool NOT NULL);
INSERT INTO bug_tracker_version VALUES(1,'V1',NULL,1);
INSERT INTO bug_tracker_version VALUES(2,'V1.1',NULL,1);
INSERT INTO bug_tracker_version VALUES(3,'V1.2',NULL,1);
INSERT INTO bug_tracker_version VALUES(4,'V1.3',NULL,1);
INSERT INTO bug_tracker_version VALUES(5,'V1.4',NULL,1);
INSERT INTO bug_tracker_version VALUES(6,'V2',NULL,1);
CREATE TABLE IF NOT EXISTS "bug_tracker_bugattachment" ("id" integer NOT NULL PRIMARY KEY AUTOINCREMENT, "file" varchar(100) NOT NULL, "filename" varchar(255) NOT NULL, "uploaded_at" datetime NOT NULL, "bug_id" bigint NOT NULL REFERENCES "bug_tracker_bug" ("id") DEFERRABLE INITIALLY DEFERRED, "uploaded_by_id" integer NOT NULL REFERENCES "auth_user" ("id") DEFERRABLE INITIALLY DEFERRED);
CREATE TABLE IF NOT EXISTS "bug_tracker_bugcomment" ("id" integer NOT NULL PRIMARY KEY AUTOINCREMENT, "content" text NOT NULL, "created_at" datetime NOT NULL, "updated_at" datetime NOT NULL, "author_id" integer NOT NULL REFERENCES "auth_user" ("id") DEFERRABLE INITIALLY DEFERRED, "bug_id" bigint NOT NULL REFERENCES "bug_tracker_bug" ("id") DEFERRABLE INITIALLY DEFERRED);
CREATE TABLE IF NOT EXISTS "bug_tracker_bughistory" ("id" integer NOT NULL PRIMARY KEY AUTOINCREMENT, "field_changed" varchar(50) NOT NULL, "old_value" text NOT NULL, "new_value" text NOT NULL, "timestamp" datetime NOT NULL, "bug_id" bigint NOT NULL REFERENCES "bug_tracker_bug" ("id") DEFERRABLE INITIALLY DEFERRED, "user_id" integer NOT NULL REFERENCES "auth_user" ("id") DEFERRABLE INITIALLY DEFERRED);
INSERT INTO bug_tracker_bughistory VALUES(1,'created','','Bug créé','2025-08-04 09:33:52.198437',1,5);
INSERT INTO bug_tracker_bughistory VALUES(2,'created','','Bug créé','2025-08-04 12:05:53.208250',2,5);
INSERT INTO bug_tracker_bughistory VALUES(3,'created','','Bug créé','2025-08-04 12:11:50.540847',3,5);
INSERT INTO bug_tracker_bughistory VALUES(4,'created','','Bug créé','2025-08-04 12:13:32.099033',4,5);
INSERT INTO bug_tracker_bughistory VALUES(5,'created','','Bug créé','2025-08-04 12:32:06.438831',5,5);
INSERT INTO bug_tracker_bughistory VALUES(6,'created','','Bug créé','2025-08-04 12:37:23.179859',6,5);
INSERT INTO bug_tracker_bughistory VALUES(7,'created','','Bug créé','2025-08-04 13:59:30.504913',7,5);
INSERT INTO bug_tracker_bughistory VALUES(8,'created','','Bug créé','2025-08-05 18:53:44.245689',8,5);
CREATE TABLE IF NOT EXISTS "bug_tracker_bug" ("id" integer NOT NULL PRIMARY KEY AUTOINCREMENT, "title" varchar(200) NOT NULL, "description" text NOT NULL, "status" varchar(20) NOT NULL, "priority" varchar(20) NOT NULL, "severity" varchar(20) NOT NULL, "created_at" datetime NOT NULL, "updated_at" datetime NOT NULL, "operating_system" varchar(100) NOT NULL, "browser" varchar(100) NOT NULL, "device" varchar(100) NOT NULL, "assigned_to_id" integer NULL REFERENCES "auth_user" ("id") DEFERRABLE INITIALLY DEFERRED, "reported_by_id" integer NOT NULL REFERENCES "auth_user" ("id") DEFERRABLE INITIALLY DEFERRED, "component_id" bigint NOT NULL REFERENCES "bug_tracker_component" ("id") DEFERRABLE INITIALLY DEFERRED, "environment_id" bigint NOT NULL REFERENCES "bug_tracker_environment" ("id") DEFERRABLE INITIALLY DEFERRED, "affected_version_id" bigint NOT NULL REFERENCES "bug_tracker_version" ("id") DEFERRABLE INITIALLY DEFERRED, "fixed_version_id" bigint NULL REFERENCES "bug_tracker_version" ("id") DEFERRABLE INITIALLY DEFERRED, "reproduction_steps" text NULL);
INSERT INTO bug_tracker_bug VALUES(1,'Augmenter la durée de validité du lien de confirmation lors de l''envoi du mail d''incscription','Augmenter la durée de validité du lien de confirmation lors de l''envoi du mail d''incscription','open','high','major','2025-08-04 09:33:52.075460','2025-08-04 09:33:52.075488','-','-','-',1,5,1,1,1,1,replace(replace('Se deconnecter\r\nCreer un nouveau compte\r\nVerifier sa boite mail','\r',char(13)),'\n',char(10)));
INSERT INTO bug_tracker_bug VALUES(2,'Aérer le design du formulaire de recherchede trajets','Enlever les balises <br> dans le html (searched_traject.html) et ''jouer'' avec le scss','resolved','medium','normal','2025-08-04 12:05:53.090407','2025-08-04 12:05:53.090434','-','-','-',NULL,5,5,2,2,NULL,'http://37.187.94.53:9758/trajects/researched_traject/');
INSERT INTO bug_tracker_bug VALUES(3,'Alerte ''Matching'' automatisé','Dès qu''un nouveau enregistrement (parent ou yaya) est encodé et qu''un matching éxiste, on envoie un mail automatique à la ou les parties adverses concernées','open','medium','normal','2025-08-04 12:11:50.391643','2025-08-04 12:11:50.391670','-','-','-',5,5,5,1,3,NULL,'');
INSERT INTO bug_tracker_bug VALUES(4,'Griser les zones pour les non-abonnés.','Affiché à la place des coordonnées un message qui invite à s''abonner pour découvrir les profils','resolved','critical','major','2025-08-04 12:13:31.964960','2025-08-04 17:12:53.076581','-','-','-',NULL,5,5,1,1,NULL,'');
INSERT INTO bug_tracker_bug VALUES(5,'Ajouter les langues dans la db','Lancer 1 query orm pour ajouter la liste des langues dans la table','resolved','medium','normal','2025-08-04 12:32:06.291681','2025-08-04 12:32:06.291720','-','-','-',5,5,5,1,1,NULL,'');
INSERT INTO bug_tracker_bug VALUES(6,'Pourvoir modifier ou supprimer les données d''en enfant','Pouvoir modifier ou supprimer les données d''un enfant sans devoir le supprimer puis le recréer','open','high','normal','2025-08-04 12:37:22.965985','2025-08-04 12:37:22.966012','-','-','-',5,5,1,1,2,NULL,'');
INSERT INTO bug_tracker_bug VALUES(7,'Mettre 1 condition sur la date pour les matchings','On ne peut pas afficher des trajets dont la date est expirée. Seuls les trajets du jour et ceux supérieurs doivent apparaitre','resolved','critical','critical','2025-08-04 13:59:30.352905','2025-08-04 13:59:30.352938','-','-','-',5,5,5,1,1,NULL,'');
INSERT INTO bug_tracker_bug VALUES(8,'Étendre le QS en fonction du moyen de transport',replace(replace('Étendre le QS en fonction du moyen de transport.\r\nSi pou rle moyen de transport séléctionné, le QS est == à 0\r\nLancer 1 second QS qui liste tous les trajets tous moyens de transport confondus','\r',char(13)),'\n',char(10)),'open','high','normal','2025-08-05 18:53:44.090383','2025-08-05 18:53:44.090412','-','-','-',5,5,5,2,2,2,'');
CREATE TABLE IF NOT EXISTS "bana_admin_inscriptionvalidation" ("id" integer NOT NULL PRIMARY KEY AUTOINCREMENT, "is_validated" bool NOT NULL, "validation_date" datetime NULL, "notes" text NOT NULL, "created_at" datetime NOT NULL, "updated_at" datetime NOT NULL, "user_id" integer NOT NULL UNIQUE REFERENCES "auth_user" ("id") DEFERRABLE INITIALLY DEFERRED);
CREATE TABLE IF NOT EXISTS "trajects_proposedtraject" ("id" integer NOT NULL PRIMARY KEY AUTOINCREMENT, "departure_time" time NULL, "arrival_time" time NULL, "number_of_places" smallint unsigned NOT NULL CHECK ("number_of_places" >= 0), "details" text NULL, "detour_distance" real NULL, "recurrence_type" varchar(30) NOT NULL, "recurrence_interval" integer NULL, "recurrence_days" varchar(255) NULL, "date" date NULL, "date_debut" date NULL, "date_fin" date NULL, "is_simple" bool NOT NULL, "user_id" integer NULL REFERENCES "auth_user" ("id") DEFERRABLE INITIALLY DEFERRED, "traject_id" bigint NOT NULL REFERENCES "trajects_traject" ("id") DEFERRABLE INITIALLY DEFERRED, "is_active" bool NOT NULL);
INSERT INTO trajects_proposedtraject VALUES(217,'08:00:00','08:45:00',1,'',NULL,'biweekly',NULL,'|4|5|','2025-08-07','2025-08-07','2025-09-19',0,2,146,1);
INSERT INTO trajects_proposedtraject VALUES(218,'08:00:00','08:45:00',3,'',NULL,'biweekly',NULL,'|4|5|','2025-08-08','2025-08-07','2025-09-19',0,2,146,1);
INSERT INTO trajects_proposedtraject VALUES(219,'08:00:00','08:45:00',3,'',NULL,'biweekly',NULL,'|4|5|','2025-08-21','2025-08-07','2025-09-19',0,2,146,1);
INSERT INTO trajects_proposedtraject VALUES(220,'08:00:00','08:45:00',3,'',NULL,'biweekly',NULL,'|4|5|','2025-08-22','2025-08-07','2025-09-19',0,2,146,1);
INSERT INTO trajects_proposedtraject VALUES(221,'08:00:00','08:45:00',3,'',NULL,'biweekly',NULL,'|4|5|','2025-09-04','2025-08-07','2025-09-19',0,2,146,1);
INSERT INTO trajects_proposedtraject VALUES(222,'08:00:00','08:45:00',3,'',NULL,'biweekly',NULL,'|4|5|','2025-09-05','2025-08-07','2025-09-19',0,2,146,1);
INSERT INTO trajects_proposedtraject VALUES(223,'08:00:00','08:45:00',3,'',NULL,'biweekly',NULL,'|4|5|','2025-09-18','2025-08-07','2025-09-19',0,2,146,1);
INSERT INTO trajects_proposedtraject VALUES(224,'08:00:00','08:45:00',3,'',NULL,'biweekly',NULL,'|4|5|','2025-09-19','2025-08-07','2025-09-19',0,2,146,1);
INSERT INTO trajects_proposedtraject VALUES(225,NULL,NULL,1,NULL,NULL,'none',NULL,NULL,'2025-08-07',NULL,NULL,1,2,148,1);
INSERT INTO trajects_proposedtraject VALUES(226,'08:00:00','08:00:00',5,'',NULL,'one_week',NULL,'|4|','2025-08-07','2025-08-07','2025-08-07',0,1,151,1);
INSERT INTO trajects_proposedtraject VALUES(227,'08:00:00','08:30:00',7,'',NULL,'one_week',NULL,'|4|','2025-08-07','2025-08-07','2025-08-07',0,1,152,1);
CREATE TABLE IF NOT EXISTS "trajects_researchedtraject" ("id" integer NOT NULL PRIMARY KEY AUTOINCREMENT, "departure_time" time NOT NULL, "arrival_time" time NOT NULL, "date" date NULL, "date_debut" date NULL, "date_fin" date NULL, "recurrence_type" varchar(30) NOT NULL, "recurrence_interval" integer NULL, "recurrence_days" varchar(255) NULL, "user_id" integer NULL REFERENCES "auth_user" ("id") DEFERRABLE INITIALLY DEFERRED, "traject_id" bigint NOT NULL REFERENCES "trajects_traject" ("id") DEFERRABLE INITIALLY DEFERRED, "is_active" bool NOT NULL);
INSERT INTO trajects_researchedtraject VALUES(109,'08:15:00','08:45:00','2025-08-07','2025-08-05','2025-08-31','weekly',NULL,'|4|5|',8,149,1);
INSERT INTO trajects_researchedtraject VALUES(110,'08:15:00','08:45:00','2025-08-08','2025-08-05','2025-08-31','weekly',NULL,'|4|5|',8,149,1);
INSERT INTO trajects_researchedtraject VALUES(111,'08:15:00','08:45:00','2025-08-14','2025-08-05','2025-08-31','weekly',NULL,'|4|5|',8,149,1);
INSERT INTO trajects_researchedtraject VALUES(112,'08:15:00','08:45:00','2025-08-15','2025-08-05','2025-08-31','weekly',NULL,'|4|5|',8,149,1);
INSERT INTO trajects_researchedtraject VALUES(113,'08:15:00','08:45:00','2025-08-21','2025-08-05','2025-08-31','weekly',NULL,'|4|5|',8,149,1);
INSERT INTO trajects_researchedtraject VALUES(114,'08:15:00','08:45:00','2025-08-22','2025-08-05','2025-08-31','weekly',NULL,'|4|5|',8,149,1);
INSERT INTO trajects_researchedtraject VALUES(115,'08:15:00','08:45:00','2025-08-28','2025-08-05','2025-08-31','weekly',NULL,'|4|5|',8,149,1);
INSERT INTO trajects_researchedtraject VALUES(116,'08:15:00','08:45:00','2025-08-29','2025-08-05','2025-08-31','weekly',NULL,'|4|5|',8,149,1);
INSERT INTO trajects_researchedtraject VALUES(117,'08:00:00','08:30:00','2025-08-07','2025-08-06','2025-08-24','one_week',NULL,'|4|5|',1,150,1);
INSERT INTO trajects_researchedtraject VALUES(118,'08:00:00','08:30:00','2025-08-08','2025-08-06','2025-08-24','one_week',NULL,'|4|5|',1,150,1);
INSERT INTO trajects_researchedtraject VALUES(119,'08:00:00','08:30:00','2025-08-07','2025-08-07','2025-08-07','one_week',NULL,'|4|',1,153,1);
INSERT INTO sqlite_sequence VALUES('django_migrations',57);
INSERT INTO sqlite_sequence VALUES('account_emailaddress',8);
INSERT INTO sqlite_sequence VALUES('django_admin_log',441);
INSERT INTO sqlite_sequence VALUES('django_content_type',32);
INSERT INTO sqlite_sequence VALUES('auth_permission',128);
INSERT INTO sqlite_sequence VALUES('auth_group',0);
INSERT INTO sqlite_sequence VALUES('auth_user',19);
INSERT INTO sqlite_sequence VALUES('socialaccount_socialapp',0);
INSERT INTO sqlite_sequence VALUES('socialaccount_socialtoken',0);
INSERT INTO sqlite_sequence VALUES('socialaccount_socialaccount',0);
INSERT INTO sqlite_sequence VALUES('auth_user_user_permissions',420);
INSERT INTO sqlite_sequence VALUES('accounts_languages',56);
INSERT INTO sqlite_sequence VALUES('trajects_transportmode',4);
INSERT INTO sqlite_sequence VALUES('accounts_profile_languages',8);
INSERT INTO sqlite_sequence VALUES('trajects_traject',153);
INSERT INTO sqlite_sequence VALUES('trajects_proposedtraject_transport_modes',267);
INSERT INTO sqlite_sequence VALUES('trajects_proposedtraject_languages',317);
INSERT INTO sqlite_sequence VALUES('accounts_review',9);
INSERT INTO sqlite_sequence VALUES('accounts_child',13);
INSERT INTO sqlite_sequence VALUES('trajects_researchedtraject_transport_modes',143);
INSERT INTO sqlite_sequence VALUES('trajects_reservation_transport_modes',37);
INSERT INTO sqlite_sequence VALUES('trajects_reservation',48);
INSERT INTO sqlite_sequence VALUES('trajects_researchedtraject_children',127);
INSERT INTO sqlite_sequence VALUES('strip_subscription',1);
INSERT INTO sqlite_sequence VALUES('stripe_sub_subscription',6);
INSERT INTO sqlite_sequence VALUES('accounts_profile',8);
INSERT INTO sqlite_sequence VALUES('bug_tracker_bug',8);
INSERT INTO sqlite_sequence VALUES('trajects_proposedtraject',227);
INSERT INTO sqlite_sequence VALUES('trajects_researchedtraject',119);
INSERT INTO sqlite_sequence VALUES('bug_tracker_component',5);
INSERT INTO sqlite_sequence VALUES('bug_tracker_version',6);
INSERT INTO sqlite_sequence VALUES('bug_tracker_environment',3);
INSERT INTO sqlite_sequence VALUES('bug_tracker_bughistory',8);
CREATE UNIQUE INDEX "auth_group_permissions_group_id_permission_id_0cd325b0_uniq" ON "auth_group_permissions" ("group_id", "permission_id");
CREATE INDEX "auth_group_permissions_group_id_b120cbf9" ON "auth_group_permissions" ("group_id");
CREATE INDEX "auth_group_permissions_permission_id_84c5c92e" ON "auth_group_permissions" ("permission_id");
CREATE UNIQUE INDEX "auth_user_groups_user_id_group_id_94350c0c_uniq" ON "auth_user_groups" ("user_id", "group_id");
CREATE INDEX "auth_user_groups_user_id_6a12ed8b" ON "auth_user_groups" ("user_id");
CREATE INDEX "auth_user_groups_group_id_97559544" ON "auth_user_groups" ("group_id");
CREATE UNIQUE INDEX "auth_user_user_permissions_user_id_permission_id_14a6b632_uniq" ON "auth_user_user_permissions" ("user_id", "permission_id");
CREATE INDEX "auth_user_user_permissions_user_id_a95ead1b" ON "auth_user_user_permissions" ("user_id");
CREATE INDEX "auth_user_user_permissions_permission_id_1fbb5f2c" ON "auth_user_user_permissions" ("permission_id");
CREATE INDEX "account_emailconfirmation_email_address_id_5b7f8c58" ON "account_emailconfirmation" ("email_address_id");
CREATE UNIQUE INDEX "account_emailaddress_user_id_email_987c8728_uniq" ON "account_emailaddress" ("user_id", "email");
CREATE UNIQUE INDEX "unique_verified_email" ON "account_emailaddress" ("email") WHERE "verified";
CREATE INDEX "account_emailaddress_user_id_2c513194" ON "account_emailaddress" ("user_id");
CREATE INDEX "account_emailaddress_email_03be32b2" ON "account_emailaddress" ("email");
CREATE UNIQUE INDEX "unique_primary_email" ON "account_emailaddress" ("user_id", "primary") WHERE "primary";
CREATE INDEX "accounts_child_chld_user_id_a78e0b46" ON "accounts_child" ("chld_user_id");
CREATE UNIQUE INDEX "accounts_profile_languages_profile_id_languages_id_a1157e8c_uniq" ON "accounts_profile_languages" ("profile_id", "languages_id");
CREATE INDEX "accounts_profile_languages_profile_id_eabf6019" ON "accounts_profile_languages" ("profile_id");
CREATE INDEX "accounts_profile_languages_languages_id_ad8df372" ON "accounts_profile_languages" ("languages_id");
CREATE INDEX "accounts_review_reviewed_user_id_77945d5f" ON "accounts_review" ("reviewed_user_id");
CREATE INDEX "accounts_review_reviewer_id_d7462cbb" ON "accounts_review" ("reviewer_id");
CREATE INDEX "django_admin_log_content_type_id_c4bce8eb" ON "django_admin_log" ("content_type_id");
CREATE INDEX "django_admin_log_user_id_c564eba6" ON "django_admin_log" ("user_id");
CREATE UNIQUE INDEX "django_content_type_app_label_model_76bd3d3b_uniq" ON "django_content_type" ("app_label", "model");
CREATE UNIQUE INDEX "auth_permission_content_type_id_codename_01ab375a_uniq" ON "auth_permission" ("content_type_id", "codename");
CREATE INDEX "auth_permission_content_type_id_2f476e4b" ON "auth_permission" ("content_type_id");
CREATE INDEX "django_session_expire_date_a5c62663" ON "django_session" ("expire_date");
CREATE UNIQUE INDEX "socialaccount_socialtoken_app_id_account_id_fca4e0ac_uniq" ON "socialaccount_socialtoken" ("app_id", "account_id");
CREATE INDEX "socialaccount_socialtoken_account_id_951f210e" ON "socialaccount_socialtoken" ("account_id");
CREATE INDEX "socialaccount_socialtoken_app_id_636a42d7" ON "socialaccount_socialtoken" ("app_id");
CREATE UNIQUE INDEX "socialaccount_socialaccount_provider_uid_fc810c6e_uniq" ON "socialaccount_socialaccount" ("provider", "uid");
CREATE INDEX "socialaccount_socialaccount_user_id_8146e70c" ON "socialaccount_socialaccount" ("user_id");
CREATE UNIQUE INDEX "trajects_proposedtraject_languages_proposedtraject_id_languages_id_a4fcd106_uniq" ON "trajects_proposedtraject_languages" ("proposedtraject_id", "languages_id");
CREATE INDEX "trajects_proposedtraject_languages_proposedtraject_id_641b7f5f" ON "trajects_proposedtraject_languages" ("proposedtraject_id");
CREATE INDEX "trajects_proposedtraject_languages_languages_id_942b0052" ON "trajects_proposedtraject_languages" ("languages_id");
CREATE UNIQUE INDEX "trajects_proposedtraject_transport_modes_proposedtraject_id_transportmode_id_39f44363_uniq" ON "trajects_proposedtraject_transport_modes" ("proposedtraject_id", "transportmode_id");
CREATE INDEX "trajects_proposedtraject_transport_modes_proposedtraject_id_3d86681e" ON "trajects_proposedtraject_transport_modes" ("proposedtraject_id");
CREATE INDEX "trajects_proposedtraject_transport_modes_transportmode_id_3fe3bdba" ON "trajects_proposedtraject_transport_modes" ("transportmode_id");
CREATE INDEX "trajects_reservation_traject_id_a149eee6" ON "trajects_reservation" ("traject_id");
CREATE INDEX "trajects_reservation_user_id_6f737805" ON "trajects_reservation" ("user_id");
CREATE UNIQUE INDEX "trajects_researchedtraject_children_researchedtraject_id_child_id_87dcaf05_uniq" ON "trajects_researchedtraject_children" ("researchedtraject_id", "child_id");
CREATE INDEX "trajects_researchedtraject_children_researchedtraject_id_c8531850" ON "trajects_researchedtraject_children" ("researchedtraject_id");
CREATE INDEX "trajects_researchedtraject_children_child_id_f78aaea6" ON "trajects_researchedtraject_children" ("child_id");
CREATE UNIQUE INDEX "trajects_researchedtraject_transport_modes_researchedtraject_id_transportmode_id_404e9d0e_uniq" ON "trajects_researchedtraject_transport_modes" ("researchedtraject_id", "transportmode_id");
CREATE INDEX "trajects_researchedtraject_transport_modes_researchedtraject_id_17e77d3d" ON "trajects_researchedtraject_transport_modes" ("researchedtraject_id");
CREATE INDEX "trajects_researchedtraject_transport_modes_transportmode_id_857419ce" ON "trajects_researchedtraject_transport_modes" ("transportmode_id");
CREATE UNIQUE INDEX "trajects_reservation_transport_modes_reservation_id_transportmode_id_e3b13812_uniq" ON "trajects_reservation_transport_modes" ("reservation_id", "transportmode_id");
CREATE INDEX "trajects_reservation_transport_modes_reservation_id_ac24a251" ON "trajects_reservation_transport_modes" ("reservation_id");
CREATE INDEX "trajects_reservation_transport_modes_transportmode_id_950f0e56" ON "trajects_reservation_transport_modes" ("transportmode_id");
CREATE INDEX "strip_subscription_user_id_45516cb5" ON "strip_subscription" ("user_id");
CREATE INDEX "stripe_subscription_user_id_2d7d40aa" ON "stripe_subscription" ("user_id");
CREATE INDEX "stripe_sub_subscription_user_id_f8222634" ON "stripe_sub_subscription" ("user_id");
CREATE INDEX "bug_tracker_bugattachment_bug_id_dcf069cf" ON "bug_tracker_bugattachment" ("bug_id");
CREATE INDEX "bug_tracker_bugattachment_uploaded_by_id_ae257c94" ON "bug_tracker_bugattachment" ("uploaded_by_id");
CREATE INDEX "bug_tracker_bugcomment_author_id_69d8232f" ON "bug_tracker_bugcomment" ("author_id");
CREATE INDEX "bug_tracker_bugcomment_bug_id_47ecd1e3" ON "bug_tracker_bugcomment" ("bug_id");
CREATE INDEX "bug_tracker_bughistory_bug_id_103ab968" ON "bug_tracker_bughistory" ("bug_id");
CREATE INDEX "bug_tracker_bughistory_user_id_800859db" ON "bug_tracker_bughistory" ("user_id");
CREATE INDEX "bug_tracker_bug_assigned_to_id_889e3b40" ON "bug_tracker_bug" ("assigned_to_id");
CREATE INDEX "bug_tracker_bug_reported_by_id_ee9876ca" ON "bug_tracker_bug" ("reported_by_id");
CREATE INDEX "bug_tracker_bug_component_id_dd7df61d" ON "bug_tracker_bug" ("component_id");
CREATE INDEX "bug_tracker_bug_environment_id_7cea6f48" ON "bug_tracker_bug" ("environment_id");
CREATE INDEX "bug_tracker_bug_affected_version_id_d22e77bd" ON "bug_tracker_bug" ("affected_version_id");
CREATE INDEX "bug_tracker_bug_fixed_version_id_096d0226" ON "bug_tracker_bug" ("fixed_version_id");
CREATE INDEX "trajects_proposedtraject_user_id_d852d887" ON "trajects_proposedtraject" ("user_id");
CREATE INDEX "trajects_proposedtraject_traject_id_681f88ad" ON "trajects_proposedtraject" ("traject_id");
CREATE INDEX "trajects_researchedtraject_user_id_dd5b0335" ON "trajects_researchedtraject" ("user_id");
CREATE INDEX "trajects_researchedtraject_traject_id_c44a6f61" ON "trajects_researchedtraject" ("traject_id");
COMMIT;
